exp,long,lat,baseline_yield,ssp126_gfdl_av,ssp370_gfdl_av,ssp126_ipsl_av,ssp370_ipsl_av,ssp126_gfdl_pc,ssp370_gfdl_pc,ssp126_ipsl_pc,ssp370_ipsl_pc
114115,-2.75,10.75,1885,1842,1411,1943,1663,-2.28,-25.15,3.08,-11.78
114115,-2.75,10.75,1767,1979,1775,1701,1683,12,0.45,-3.74,-4.75
114115,-2.75,10.75,1742,1823,1870,1767,1540,4.65,7.35,1.44,-11.6
114115,-2.75,10.75,1766,1870,1881,1381,1392,5.89,6.51,-21.8,-21.18
114115,-2.75,10.75,1834,1997,1902,1588,1786,8.89,3.71,-13.41,-2.62
114115,-2.75,10.75,1819,1795,1712,1754,1644,-1.32,-5.88,-3.57,-9.62
114115,-2.75,10.75,1802,1840,1801,1800,1431,2.11,-0.06,-0.11,-20.59
114115,-2.75,10.75,1687,1863,1796,1732,1462,10.43,6.46,2.67,-13.34
114115,-2.75,10.75,1827,1823,1880,1378,1213,-0.22,2.9,-24.58,-33.61
114115,-2.75,10.75,1753,1837,1759,1613,1278,4.79,0.34,-7.99,-27.1
114115,-2.75,10.75,1751,1688,1773,1626,463,-3.6,1.26,-7.14,-73.56
114115,-2.75,10.75,1755,1726,1644,1729,1454,-1.65,-6.32,-1.48,-17.15
114115,-2.75,10.75,1862,1815,1945,1775,1498,-2.52,4.46,-4.67,-19.55
114115,-2.75,10.75,1707,1935,1675,1462,868,13.36,-1.87,-14.35,-49.15
114115,-2.75,10.75,1733,1831,1796,1589,1485,5.65,3.64,-8.31,-14.31
114115,-2.75,10.75,1642,1798,1875,1777,1621,9.5,14.19,8.22,-1.28
114115,-2.75,10.75,1732,2051,1527,1377,1514,18.42,-11.84,-20.5,-12.59
114115,-2.75,10.75,1781,1869,1657,1463,1513,4.94,-6.96,-17.86,-15.05
114115,-2.75,10.75,1784,1886,1740,1766,893,5.72,-2.47,-1.01,-49.94
114115,-2.75,10.75,1771,1908,1702,1072,1329,7.74,-3.9,-39.47,-24.96
114116,-2.25,10.75,1876,1829,1702,1928,1716,-2.51,-9.28,2.77,-8.53
114116,-2.25,10.75,1707,1951,1778,1725,1748,14.29,4.16,1.05,2.4
114116,-2.25,10.75,1766,1837,1864,1803,1564,4.02,5.55,2.1,-11.44
114116,-2.25,10.75,1753,1828,1872,1659,1437,4.28,6.79,-5.36,-18.03
114116,-2.25,10.75,1840,2024,1874,1575,1773,10,1.85,-14.4,-3.64
114116,-2.25,10.75,1692,1793,1692,1759,1679,5.97,0,3.96,-0.77
114116,-2.25,10.75,1832,1823,1796,1776,1420,-0.49,-1.97,-3.06,-22.49
114116,-2.25,10.75,1704,1867,1767,1740,1477,9.57,3.7,2.11,-13.32
114116,-2.25,10.75,1825,1800,1864,1386,1236,-1.37,2.14,-24.05,-32.27
114116,-2.25,10.75,1741,1814,1782,1642,1284,4.19,2.35,-5.69,-26.25
114116,-2.25,10.75,1762,1696,1743,1600,609,-3.75,-1.08,-9.19,-65.44
114116,-2.25,10.75,1744,1751,1639,1747,1464,0.4,-6.02,0.17,-16.06
114116,-2.25,10.75,1839,1793,1944,1750,1490,-2.5,5.71,-4.84,-18.98
114116,-2.25,10.75,1740,1926,1637,1440,943,10.69,-5.92,-17.24,-45.8
114116,-2.25,10.75,1727,1815,1764,1580,1497,5.1,2.14,-8.51,-13.32
114116,-2.25,10.75,1646,1761,1829,1773,1641,6.99,11.12,7.72,-0.3
114116,-2.25,10.75,1723,2033,1660,1455,1530,17.99,-3.66,-15.55,-11.2
114116,-2.25,10.75,1785,1809,1631,1607,1528,1.34,-8.63,-9.97,-14.4
114116,-2.25,10.75,1780,1854,1771,1777,971,4.16,-0.51,-0.17,-45.45
114116,-2.25,10.75,1777,1899,1819,1057,1383,6.87,2.36,-40.52,-22.17
114117,-1.75,10.75,1946,1771,1619,1885,1582,-8.99,-16.8,-3.13,-18.71
114117,-1.75,10.75,1685,1892,1702,1672,1628,12.28,1.01,-0.77,-3.38
114117,-1.75,10.75,1716,1729,1823,1664,1438,0.76,6.24,-3.03,-16.2
114117,-1.75,10.75,1608,1797,1825,1422,1196,11.75,13.5,-11.57,-25.62
114117,-1.75,10.75,1785,1940,1786,1519,1698,8.68,0.06,-14.9,-4.87
114117,-1.75,10.75,1655,1705,1627,1654,1595,3.02,-1.69,-0.06,-3.63
114117,-1.75,10.75,1750,1781,1723,1635,1399,1.77,-1.54,-6.57,-20.06
114117,-1.75,10.75,1720,1730,1678,1643,1370,0.58,-2.44,-4.48,-20.35
114117,-1.75,10.75,1774,1683,1797,1228,953,-5.13,1.3,-30.78,-46.28
114117,-1.75,10.75,1695,1767,1701,1604,1131,4.25,0.35,-5.37,-33.27
114117,-1.75,10.75,1715,1589,1691,1589,322,-7.35,-1.4,-7.35,-81.22
114117,-1.75,10.75,1678,1710,1569,1669,1285,1.91,-6.5,-0.54,-23.42
114117,-1.75,10.75,1769,1693,1867,1730,1398,-4.3,5.54,-2.2,-20.97
114117,-1.75,10.75,1666,1804,1548,1343,849,8.28,-7.08,-19.39,-49.04
114117,-1.75,10.75,1696,1747,1713,1520,1427,3.01,1,-10.38,-15.86
114117,-1.75,10.75,1595,1720,1762,1567,1553,7.84,10.47,-1.76,-2.63
114117,-1.75,10.75,1687,1959,1535,1180,1426,16.12,-9.01,-30.05,-15.47
114117,-1.75,10.75,1744,1734,1418,1381,1382,-0.57,-18.69,-20.81,-20.76
114117,-1.75,10.75,1757,1778,1670,1576,743,1.2,-4.95,-10.3,-57.71
114117,-1.75,10.75,1740,1815,1736,920,1336,4.31,-0.23,-47.13,-23.22
114118,-1.25,10.75,1799,1750,1084,1877,1511,-2.72,-39.74,4.34,-16.01
114118,-1.25,10.75,1614,1817,1604,1622,1555,12.58,-0.62,0.5,-3.66
114118,-1.25,10.75,1734,1628,1788,1627,1299,-6.11,3.11,-6.17,-25.09
114118,-1.25,10.75,1638,1760,1734,1085,946,7.45,5.86,-33.76,-42.25
114118,-1.25,10.75,1779,1920,1688,1470,1629,7.93,-5.12,-17.37,-8.43
114118,-1.25,10.75,1648,1694,1598,1635,1521,2.79,-3.03,-0.79,-7.71
114118,-1.25,10.75,1673,1751,1636,1507,1330,4.66,-2.21,-9.92,-20.5
114118,-1.25,10.75,1612,1552,1521,1477,1332,-3.72,-5.65,-8.37,-17.37
114118,-1.25,10.75,1750,1547,1737,1104,718,-11.6,-0.74,-36.91,-58.97
114118,-1.25,10.75,1661,1706,1606,1521,867,2.71,-3.31,-8.43,-47.8
114118,-1.25,10.75,1666,1494,1645,1588,216,-10.32,-1.26,-4.68,-87.03
114118,-1.25,10.75,1714,1691,1521,1660,1074,-1.34,-11.26,-3.15,-37.34
114118,-1.25,10.75,1738,1580,1734,1710,1287,-9.09,-0.23,-1.61,-25.95
114118,-1.25,10.75,1656,1677,1407,1280,680,1.27,-15.04,-22.71,-58.94
114118,-1.25,10.75,1566,1636,1661,1391,1361,4.47,6.07,-11.17,-13.09
114118,-1.25,10.75,1502,1637,1600,1382,1441,8.99,6.52,-7.99,-4.06
114118,-1.25,10.75,1809,1812,1369,1050,1356,0.17,-24.32,-41.96,-25.04
114118,-1.25,10.75,1763,1675,1245,1254,1175,-4.99,-29.38,-28.87,-33.35
114118,-1.25,10.75,1702,1690,1566,1408,571,-0.71,-7.99,-17.27,-66.45
114118,-1.25,10.75,1710,1695,1428,799,1265,-0.88,-16.49,-53.27,-26.02
114119,-0.75,10.75,1936,1768,1224,1870,1504,-8.68,-36.78,-3.41,-22.31
114119,-0.75,10.75,1635,1840,1639,1609,1582,12.54,0.24,-1.59,-3.24
114119,-0.75,10.75,1747,1633,1820,1624,1322,-6.53,4.18,-7.04,-24.33
114119,-0.75,10.75,1704,1776,1775,1182,993,4.23,4.17,-30.63,-41.73
114119,-0.75,10.75,1764,1909,1702,1496,1656,8.22,-3.51,-15.19,-6.12
114119,-0.75,10.75,1651,1705,1620,1656,1542,3.27,-1.88,0.3,-6.6
114119,-0.75,10.75,1687,1764,1656,1549,1351,4.56,-1.84,-8.18,-19.92
114119,-0.75,10.75,1619,1583,1610,1481,1388,-2.22,-0.56,-8.52,-14.27
114119,-0.75,10.75,1743,1624,1758,1170,766,-6.83,0.86,-32.87,-56.05
114119,-0.75,10.75,1670,1722,1677,1553,894,3.11,0.42,-7.01,-46.47
114119,-0.75,10.75,1678,1537,1662,1584,226,-8.4,-0.95,-5.6,-86.53
114119,-0.75,10.75,1644,1724,1556,1673,1114,4.87,-5.35,1.76,-32.24
114119,-0.75,10.75,1725,1594,1773,1725,1360,-7.59,2.78,0,-21.16
114119,-0.75,10.75,1656,1703,1458,1305,724,2.84,-11.96,-21.2,-56.28
114119,-0.75,10.75,1554,1679,1661,1413,1394,8.04,6.89,-9.07,-10.3
114119,-0.75,10.75,1573,1664,1638,1409,1470,5.79,4.13,-10.43,-6.55
114119,-0.75,10.75,1814,1864,1464,1104,1390,2.76,-19.29,-39.14,-23.37
114119,-0.75,10.75,1732,1691,1383,1337,1214,-2.37,-20.15,-22.81,-29.91
114119,-0.75,10.75,1681,1713,1624,1437,612,1.9,-3.39,-14.52,-63.59
114119,-0.75,10.75,1661,1699,1683,830,1282,2.29,1.32,-50.03,-22.82
114120,-0.25,10.75,1916,1740,1248,1866,1529,-9.19,-34.86,-2.61,-20.2
114120,-0.25,10.75,1634,1810,1653,1568,1601,10.77,1.16,-4.04,-2.02
114120,-0.25,10.75,1752,1682,1810,1610,1301,-4,3.31,-8.11,-25.74
114120,-0.25,10.75,1734,1758,1734,1302,1149,1.38,0,-24.91,-33.74
114120,-0.25,10.75,1681,1925,1718,1518,1663,14.52,2.2,-9.7,-1.07
114120,-0.25,10.75,1650,1678,1608,1674,1569,1.7,-2.55,1.45,-4.91
114120,-0.25,10.75,1696,1722,1665,1522,1314,1.53,-1.83,-10.26,-22.52
114120,-0.25,10.75,1615,1588,1648,1491,1451,-1.67,2.04,-7.68,-10.15
114120,-0.25,10.75,1718,1643,1740,1145,837,-4.37,1.28,-33.35,-51.28
114120,-0.25,10.75,1782,1722,1631,1567,891,-3.37,-8.47,-12.07,-50
114120,-0.25,10.75,1655,1613,1635,1587,313,-2.54,-1.21,-4.11,-81.09
114120,-0.25,10.75,1695,1696,1559,1674,1146,0.06,-8.02,-1.24,-32.39
114120,-0.25,10.75,1711,1614,1768,1680,1378,-5.67,3.33,-1.81,-19.46
114120,-0.25,10.75,1605,1732,1486,1265,799,7.91,-7.41,-21.18,-50.22
114120,-0.25,10.75,1578,1633,1617,1359,1448,3.49,2.47,-13.88,-8.24
114120,-0.25,10.75,1624,1662,1621,1469,1479,2.34,-0.18,-9.54,-8.93
114120,-0.25,10.75,1778,1855,1596,1189,1422,4.33,-10.24,-33.13,-20.02
114120,-0.25,10.75,1764,1625,1415,1473,1206,-7.88,-19.78,-16.5,-31.63
114120,-0.25,10.75,1677,1711,1656,1439,634,2.03,-1.25,-14.19,-62.19
114120,-0.25,10.75,1671,1765,1671,886,1316,5.63,0,-46.98,-21.24
114835,-2.75,10.25,1971,1769,1952,1886,1659,-10.25,-0.96,-4.31,-15.83
114835,-2.75,10.25,1662,1887,1763,1656,1619,13.54,6.08,-0.36,-2.59
114835,-2.75,10.25,1692,1816,1862,1688,1545,7.33,10.05,-0.24,-8.69
114835,-2.75,10.25,1598,1830,1831,1341,1560,14.52,14.58,-16.08,-2.38
114835,-2.75,10.25,1768,1903,1844,1587,1697,7.64,4.3,-10.24,-4.02
114835,-2.75,10.25,1719,1750,1690,1717,1556,1.8,-1.69,-0.12,-9.48
114835,-2.75,10.25,1775,1831,1787,1749,1431,3.15,0.68,-1.46,-19.38
114835,-2.75,10.25,1689,1855,1814,1718,1327,9.83,7.4,1.72,-21.43
114835,-2.75,10.25,1753,1841,1844,1423,1349,5.02,5.19,-18.82,-23.05
114835,-2.75,10.25,1720,1816,1788,1642,1369,5.58,3.95,-4.53,-20.41
114835,-2.75,10.25,1826,1743,1741,1609,487,-4.55,-4.65,-11.88,-73.33
114835,-2.75,10.25,1775,1739,1695,1684,1435,-2.03,-4.51,-5.13,-19.15
114835,-2.75,10.25,1834,1764,1879,1762,1487,-3.82,2.45,-3.93,-18.92
114835,-2.75,10.25,1711,1863,1629,1476,971,8.88,-4.79,-13.73,-43.25
114835,-2.75,10.25,1797,1808,1740,1541,1497,0.61,-3.17,-14.25,-16.69
114835,-2.75,10.25,1648,1717,1837,1785,1576,4.19,11.47,8.31,-4.37
114835,-2.75,10.25,1882,1995,1406,1418,1529,6,-25.29,-24.65,-18.76
114835,-2.75,10.25,1829,1801,1765,1540,1539,-1.53,-3.5,-15.8,-15.86
114835,-2.75,10.25,1693,1846,1743,1795,978,9.04,2.95,6.02,-42.23
114835,-2.75,10.25,1681,1875,1303,1195,1341,11.54,-22.49,-28.91,-20.23
114836,-2.25,10.25,1887,1774,1957,1888,1705,-5.99,3.71,0.05,-9.64
114836,-2.25,10.25,1734,1887,1773,1705,1727,8.82,2.25,-1.67,-0.4
114836,-2.25,10.25,1764,1808,1866,1737,1554,2.49,5.78,-1.53,-11.9
114836,-2.25,10.25,1606,1811,1835,1709,1635,12.76,14.26,6.41,1.81
114836,-2.25,10.25,1821,1959,1851,1596,1726,7.58,1.65,-12.36,-5.22
114836,-2.25,10.25,1662,1750,1662,1720,1614,5.29,0,3.49,-2.89
114836,-2.25,10.25,1798,1831,1803,1733,1408,1.84,0.28,-3.62,-21.69
114836,-2.25,10.25,1683,1865,1803,1740,1403,10.81,7.13,3.39,-16.64
114836,-2.25,10.25,1810,1810,1855,1447,1362,0,2.49,-20.06,-24.75
114836,-2.25,10.25,1714,1806,1795,1657,1416,5.37,4.73,-3.33,-17.39
114836,-2.25,10.25,1716,1765,1726,1576,564,2.86,0.58,-8.16,-67.13
114836,-2.25,10.25,1704,1785,1684,1694,1553,4.75,-1.17,-0.59,-8.86
114836,-2.25,10.25,1838,1782,1906,1767,1456,-3.05,3.7,-3.86,-20.78
114836,-2.25,10.25,1676,1889,1644,1467,1030,12.71,-1.91,-12.47,-38.54
114836,-2.25,10.25,1724,1810,1719,1564,1513,4.99,-0.29,-9.28,-12.24
114836,-2.25,10.25,1660,1725,1789,1761,1612,3.92,7.77,6.08,-2.89
114836,-2.25,10.25,1703,2006,1729,1483,1580,17.79,1.53,-12.92,-7.22
114836,-2.25,10.25,1767,1765,1728,1648,1589,-0.11,-2.21,-6.73,-10.07
114836,-2.25,10.25,1758,1805,1756,1808,1095,2.67,-0.11,2.84,-37.71
114836,-2.25,10.25,1739,1881,1823,1229,1396,8.17,4.83,-29.33,-19.72
114837,-1.75,10.25,1918,1736,1782,1862,1621,-9.49,-7.09,-2.92,-15.48
114837,-1.75,10.25,1659,1844,1727,1657,1616,11.15,4.1,-0.12,-2.59
114837,-1.75,10.25,1739,1731,1837,1627,1501,-0.46,5.64,-6.44,-13.69
114837,-1.75,10.25,1703,1787,1811,1593,1403,4.93,6.34,-6.46,-17.62
114837,-1.75,10.25,1789,1894,1781,1521,1665,5.87,-0.45,-14.98,-6.93
114837,-1.75,10.25,1638,1709,1636,1641,1572,4.33,-0.12,0.18,-4.03
114837,-1.75,10.25,1738,1803,1738,1661,1424,3.74,0,-4.43,-18.07
114837,-1.75,10.25,1628,1786,1762,1656,1297,9.71,8.23,1.72,-20.33
114837,-1.75,10.25,1779,1730,1814,1328,1186,-2.75,1.97,-25.35,-33.33
114837,-1.75,10.25,1677,1748,1740,1643,1257,4.23,3.76,-2.03,-25.04
114837,-1.75,10.25,1684,1703,1706,1565,323,1.13,1.31,-7.07,-80.82
114837,-1.75,10.25,1668,1740,1584,1649,1353,4.32,-5.04,-1.14,-18.88
114837,-1.75,10.25,1815,1732,1835,1731,1396,-4.57,1.1,-4.63,-23.09
114837,-1.75,10.25,1668,1822,1574,1433,905,9.23,-5.64,-14.09,-45.74
114837,-1.75,10.25,1670,1769,1690,1512,1448,5.93,1.2,-9.46,-13.29
114837,-1.75,10.25,1596,1689,1714,1574,1580,5.83,7.39,-1.38,-1
114837,-1.75,10.25,1683,1953,1602,1236,1455,16.04,-4.81,-26.56,-13.55
114837,-1.75,10.25,1729,1726,1558,1429,1428,-0.17,-9.89,-17.35,-17.41
114837,-1.75,10.25,1739,1759,1665,1700,823,1.15,-4.26,-2.24,-52.67
114837,-1.75,10.25,1709,1817,1542,1008,1320,6.32,-9.77,-41.02,-22.76
114838,-1.25,10.25,1822,1713,1539,1820,1505,-5.98,-15.53,-0.11,-17.4
114838,-1.25,10.25,1597,1742,1641,1607,1496,9.08,2.76,0.63,-6.32
114838,-1.25,10.25,1704,1631,1798,1554,1311,-4.28,5.52,-8.8,-23.06
114838,-1.25,10.25,1589,1742,1725,1337,1149,9.63,8.56,-15.86,-27.69
114838,-1.25,10.25,1758,1845,1652,1473,1582,4.95,-6.03,-16.21,-10.01
114838,-1.25,10.25,1613,1665,1582,1603,1465,3.22,-1.92,-0.62,-9.18
114838,-1.25,10.25,1583,1738,1626,1513,1322,9.79,2.72,-4.42,-16.49
114838,-1.25,10.25,1563,1592,1644,1484,1226,1.86,5.18,-5.05,-21.56
114838,-1.25,10.25,1747,1597,1727,1171,864,-8.59,-1.14,-32.97,-50.54
114838,-1.25,10.25,1609,1721,1649,1537,1010,6.96,2.49,-4.47,-37.23
114838,-1.25,10.25,1634,1576,1637,1529,212,-3.55,0.18,-6.43,-87.03
114838,-1.25,10.25,1645,1710,1493,1608,1074,3.95,-9.24,-2.25,-34.71
114838,-1.25,10.25,1710,1616,1692,1674,1277,-5.5,-1.05,-2.11,-25.32
114838,-1.25,10.25,1651,1677,1402,1327,690,1.57,-15.08,-19.62,-58.21
114838,-1.25,10.25,1570,1683,1619,1303,1338,7.2,3.12,-17.01,-14.78
114838,-1.25,10.25,1490,1597,1568,1419,1426,7.18,5.23,-4.77,-4.3
114838,-1.25,10.25,1652,1828,1521,1055,1361,10.65,-7.93,-36.14,-17.62
114838,-1.25,10.25,1689,1672,1359,1292,1185,-1.01,-19.54,-23.51,-29.84
114838,-1.25,10.25,1631,1687,1532,1540,595,3.43,-6.07,-5.58,-63.52
114838,-1.25,10.25,1683,1674,1708,851,1214,-0.53,1.49,-49.44,-27.87
114839,-0.75,10.25,1830,1709,1630,1802,1486,-6.61,-10.93,-1.53,-18.8
114839,-0.75,10.25,1596,1725,1628,1601,1533,8.08,2.01,0.31,-3.95
114839,-0.75,10.25,1743,1647,1802,1577,1323,-5.51,3.38,-9.52,-24.1
114839,-0.75,10.25,1696,1770,1740,1347,1191,4.36,2.59,-20.58,-29.78
114839,-0.75,10.25,1743,1848,1719,1487,1594,6.02,-1.38,-14.69,-8.55
114839,-0.75,10.25,1592,1662,1593,1615,1462,4.4,0.06,1.44,-8.17
114839,-0.75,10.25,1567,1736,1652,1527,1306,10.78,5.42,-2.55,-16.66
114839,-0.75,10.25,1562,1613,1709,1508,1281,3.27,9.41,-3.46,-17.99
114839,-0.75,10.25,1729,1630,1722,1151,892,-5.73,-0.4,-33.43,-48.41
114839,-0.75,10.25,1608,1698,1647,1550,1037,5.6,2.43,-3.61,-35.51
114839,-0.75,10.25,1634,1633,1634,1526,229,-0.06,0,-6.61,-85.99
114839,-0.75,10.25,1616,1728,1523,1620,1144,6.93,-5.75,0.25,-29.21
114839,-0.75,10.25,1745,1654,1717,1680,1326,-5.21,-1.6,-3.72,-24.01
114839,-0.75,10.25,1633,1704,1418,1317,741,4.35,-13.17,-19.35,-54.62
114839,-0.75,10.25,1546,1675,1591,1375,1366,8.34,2.91,-11.06,-11.64
114839,-0.75,10.25,1503,1616,1582,1448,1461,7.52,5.26,-3.66,-2.79
114839,-0.75,10.25,1645,1861,1523,1067,1381,13.13,-7.42,-35.14,-16.05
114839,-0.75,10.25,1673,1663,1480,1350,1222,-0.6,-11.54,-19.31,-26.96
114839,-0.75,10.25,1599,1693,1567,1575,613,5.88,-2,-1.5,-61.66
114839,-0.75,10.25,1662,1665,1608,875,1238,0.18,-3.25,-47.35,-25.51
114840,-0.25,10.25,1880,1718,1731,1806,1581,-8.62,-7.93,-3.94,-15.9
114840,-0.25,10.25,1615,1715,1666,1586,1593,6.19,3.16,-1.8,-1.36
114840,-0.25,10.25,1656,1691,1821,1579,1340,2.11,9.96,-4.65,-19.08
114840,-0.25,10.25,1664,1754,1715,1411,1310,5.41,3.06,-15.2,-21.27
114840,-0.25,10.25,1673,1874,1745,1503,1594,12.01,4.3,-10.16,-4.72
114840,-0.25,10.25,1679,1650,1597,1644,1465,-1.73,-4.88,-2.08,-12.75
114840,-0.25,10.25,1581,1718,1667,1504,1284,8.67,5.44,-4.87,-18.79
114840,-0.25,10.25,1640,1634,1729,1560,1362,-0.37,5.43,-4.88,-16.95
114840,-0.25,10.25,1752,1690,1732,1182,990,-3.54,-1.14,-32.53,-43.49
114840,-0.25,10.25,1734,1678,1629,1550,1065,-3.23,-6.06,-10.61,-38.58
114840,-0.25,10.25,1676,1656,1632,1544,305,-1.19,-2.63,-7.88,-81.8
114840,-0.25,10.25,1661,1731,1542,1648,1192,4.21,-7.16,-0.78,-28.24
114840,-0.25,10.25,1703,1652,1735,1663,1338,-2.99,1.88,-2.35,-21.43
114840,-0.25,10.25,1660,1735,1435,1289,815,4.52,-13.55,-22.35,-50.9
114840,-0.25,10.25,1667,1690,1573,1362,1422,1.38,-5.64,-18.3,-14.7
114840,-0.25,10.25,1539,1645,1595,1468,1501,6.89,3.64,-4.61,-2.47
114840,-0.25,10.25,1755,1872,1563,1183,1443,6.67,-10.94,-32.59,-17.78
114840,-0.25,10.25,1731,1633,1509,1493,1221,-5.66,-12.82,-13.75,-29.46
114840,-0.25,10.25,1589,1696,1634,1592,681,6.73,2.83,0.19,-57.14
114840,-0.25,10.25,1671,1730,1631,906,1330,3.53,-2.39,-45.78,-20.41
114841,0.25,10.25,1769,1680,1688,1778,1522,-5.03,-4.58,0.51,-13.96
114841,0.25,10.25,1592,1651,1593,1568,1546,3.71,0.06,-1.51,-2.89
114841,0.25,10.25,1592,1683,1776,1575,1296,5.72,11.56,-1.07,-18.59
114841,0.25,10.25,1694,1689,1655,1361,1289,-0.3,-2.3,-19.66,-23.91
114841,0.25,10.25,1681,1826,1740,1435,1559,8.63,3.51,-14.63,-7.26
114841,0.25,10.25,1536,1595,1581,1594,1475,3.84,2.93,3.78,-3.97
114841,0.25,10.25,1518,1639,1649,1430,1292,7.97,8.63,-5.8,-14.89
114841,0.25,10.25,1547,1521,1712,1512,1281,-1.68,10.67,-2.26,-17.19
114841,0.25,10.25,1667,1632,1704,1130,919,-2.1,2.22,-32.21,-44.87
114841,0.25,10.25,1569,1628,1572,1482,1044,3.76,0.19,-5.54,-33.46
114841,0.25,10.25,1639,1573,1592,1486,247,-4.03,-2.87,-9.33,-84.93
114841,0.25,10.25,1572,1664,1507,1561,1181,5.85,-4.13,-0.7,-24.87
114841,0.25,10.25,1656,1614,1684,1628,1272,-2.54,1.69,-1.69,-23.19
114841,0.25,10.25,1569,1685,1410,1246,778,7.39,-10.13,-20.59,-50.41
114841,0.25,10.25,1532,1634,1540,1309,1391,6.66,0.52,-14.56,-9.2
114841,0.25,10.25,1512,1577,1513,1417,1437,4.3,0.07,-6.28,-4.96
114841,0.25,10.25,1597,1815,1552,1008,1408,13.65,-2.82,-36.88,-11.83
114841,0.25,10.25,1640,1570,1413,1378,1158,-4.27,-13.84,-15.98,-29.39
114841,0.25,10.25,1640,1674,1562,1477,640,2.07,-4.76,-9.94,-60.98
114841,0.25,10.25,1598,1716,1501,832,1263,7.38,-6.07,-47.93,-20.96
115555,-2.75,9.75,1931,1699,1971,1851,1586,-12.01,2.07,-4.14,-17.87
115555,-2.75,9.75,1606,1816,1695,1583,1717,13.08,5.54,-1.43,6.91
115555,-2.75,9.75,1668,1739,1781,1623,1491,4.26,6.77,-2.7,-10.61
115555,-2.75,9.75,1585,1753,1779,1616,1632,10.6,12.24,1.96,2.97
115555,-2.75,9.75,1726,1832,1800,1532,1698,6.14,4.29,-11.24,-1.62
115555,-2.75,9.75,1590,1674,1605,1669,1580,5.28,0.94,4.97,-0.63
115555,-2.75,9.75,1725,1738,1751,1684,1372,0.75,1.51,-2.38,-20.46
115555,-2.75,9.75,1652,1763,1785,1722,1295,6.72,8.05,4.24,-21.61
115555,-2.75,9.75,1771,1756,1800,1344,1449,-0.85,1.64,-24.11,-18.18
115555,-2.75,9.75,1661,1735,1731,1621,1403,4.46,4.21,-2.41,-15.53
115555,-2.75,9.75,1668,1666,1661,1589,556,-0.12,-0.42,-4.74,-66.67
115555,-2.75,9.75,1671,1697,1630,1653,1565,1.56,-2.45,-1.08,-6.34
115555,-2.75,9.75,1753,1700,1815,1715,1469,-3.02,3.54,-2.17,-16.2
115555,-2.75,9.75,1659,1817,1612,1423,1200,9.52,-2.83,-14.23,-27.67
115555,-2.75,9.75,1652,1747,1662,1553,1476,5.75,0.61,-5.99,-10.65
115555,-2.75,9.75,1594,1620,1762,1721,1552,1.63,10.54,7.97,-2.63
115555,-2.75,9.75,1636,1916,1671,1466,1482,17.11,2.14,-10.39,-9.41
115555,-2.75,9.75,1694,1711,1754,1571,1650,1,3.54,-7.26,-2.6
115555,-2.75,9.75,1652,1761,1724,1748,1029,6.6,4.36,5.81,-37.71
115555,-2.75,9.75,1708,1774,1394,1312,1374,3.86,-18.38,-23.19,-19.56
115557,-1.75,9.75,1851,1710,1977,1854,1584,-7.62,6.81,0.16,-14.42
115557,-1.75,9.75,1598,1804,1743,1630,1714,12.89,9.07,2,7.26
115557,-1.75,9.75,1740,1752,1808,1614,1501,0.69,3.91,-7.24,-13.74
115557,-1.75,9.75,1692,1762,1782,1725,1608,4.14,5.32,1.95,-4.96
115557,-1.75,9.75,1764,1880,1804,1556,1697,6.58,2.27,-11.79,-3.8
115557,-1.75,9.75,1624,1673,1606,1682,1604,3.02,-1.11,3.57,-1.23
115557,-1.75,9.75,1641,1733,1781,1688,1390,5.61,8.53,2.86,-15.3
115557,-1.75,9.75,1640,1783,1805,1726,1291,8.72,10.06,5.24,-21.28
115557,-1.75,9.75,1776,1735,1800,1339,1353,-2.31,1.35,-24.61,-23.82
115557,-1.75,9.75,1656,1732,1737,1640,1396,4.59,4.89,-0.97,-15.7
115557,-1.75,9.75,1676,1690,1671,1581,425,0.84,-0.3,-5.67,-74.64
115557,-1.75,9.75,1671,1727,1624,1633,1495,3.35,-2.81,-2.27,-10.53
115557,-1.75,9.75,1714,1714,1852,1716,1452,0,8.05,0.12,-15.29
115557,-1.75,9.75,1678,1815,1626,1448,1145,8.16,-3.1,-13.71,-31.76
115557,-1.75,9.75,1684,1743,1656,1501,1509,3.5,-1.66,-10.87,-10.39
115557,-1.75,9.75,1614,1660,1742,1716,1605,2.85,7.93,6.32,-0.56
115557,-1.75,9.75,1667,1924,1733,1470,1480,15.42,3.96,-11.82,-11.22
115557,-1.75,9.75,1711,1687,1748,1582,1570,-1.4,2.16,-7.54,-8.24
115557,-1.75,9.75,1720,1730,1758,1739,1014,0.58,2.21,1.1,-41.05
115557,-1.75,9.75,1706,1806,1644,1313,1367,5.86,-3.63,-23.04,-19.87
115558,-1.25,9.75,1792,1701,1865,1809,1506,-5.08,4.07,0.95,-15.96
115558,-1.25,9.75,1537,1755,1682,1588,1577,14.18,9.43,3.32,2.6
115558,-1.25,9.75,1697,1682,1775,1542,1356,-0.88,4.6,-9.13,-20.09
115558,-1.25,9.75,1586,1724,1739,1519,1383,8.7,9.65,-4.22,-12.8
115558,-1.25,9.75,1727,1819,1728,1508,1629,5.33,0.06,-12.68,-5.67
115558,-1.25,9.75,1598,1614,1569,1644,1497,1,-1.81,2.88,-6.32
115558,-1.25,9.75,1581,1683,1670,1627,1303,6.45,5.63,2.91,-17.58
115558,-1.25,9.75,1579,1635,1720,1609,1232,3.55,8.93,1.9,-21.98
115558,-1.25,9.75,1729,1618,1758,1198,1073,-6.42,1.68,-30.71,-37.94
115558,-1.25,9.75,1610,1678,1672,1539,1165,4.22,3.85,-4.41,-27.64
115558,-1.25,9.75,1626,1615,1631,1534,241,-0.68,0.31,-5.66,-85.18
115558,-1.25,9.75,1627,1680,1544,1588,1266,3.26,-5.1,-2.4,-22.19
115558,-1.25,9.75,1340,1641,1782,1680,1358,22.46,32.99,25.37,1.34
115558,-1.25,9.75,1631,1717,1505,1371,907,5.27,-7.73,-15.94,-44.39
115558,-1.25,9.75,1604,1682,1588,1333,1412,4.86,-1,-16.9,-11.97
115558,-1.25,9.75,1503,1614,1601,1591,1525,7.39,6.52,5.85,1.46
115558,-1.25,9.75,1616,1862,1574,1300,1415,15.22,-2.6,-19.55,-12.44
115558,-1.25,9.75,1666,1647,1595,1429,1326,-1.14,-4.26,-14.23,-20.41
115558,-1.25,9.75,1614,1660,1674,1639,725,2.85,3.72,1.55,-55.08
115558,-1.25,9.75,1668,1686,1390,1054,1256,1.08,-16.67,-36.81,-24.7
115559,-0.75,9.75,1787,1684,1851,1787,1525,-5.76,3.58,0,-14.66
115559,-0.75,9.75,1589,1738,1667,1580,1638,9.38,4.91,-0.57,3.08
115559,-0.75,9.75,1732,1654,1773,1568,1399,-4.5,2.37,-9.47,-19.23
115559,-0.75,9.75,1682,1726,1748,1528,1470,2.62,3.92,-9.16,-12.6
115559,-0.75,9.75,1695,1793,1729,1525,1642,5.78,2.01,-10.03,-3.13
115559,-0.75,9.75,1569,1589,1568,1628,1514,1.27,-0.06,3.76,-3.51
115559,-0.75,9.75,1578,1653,1679,1599,1307,4.75,6.4,1.33,-17.17
115559,-0.75,9.75,1556,1677,1732,1653,1300,7.78,11.31,6.23,-16.45
115559,-0.75,9.75,1742,1624,1738,1198,1202,-6.77,-0.23,-31.23,-31
115559,-0.75,9.75,1600,1646,1677,1555,1250,2.88,4.81,-2.81,-21.88
115559,-0.75,9.75,1634,1612,1617,1553,309,-1.35,-1.04,-4.96,-81.09
115559,-0.75,9.75,1632,1677,1591,1586,1392,2.76,-2.51,-2.82,-14.71
115559,-0.75,9.75,1470,1645,1781,1667,1380,11.9,21.16,13.4,-6.12
115559,-0.75,9.75,1646,1718,1514,1338,994,4.37,-8.02,-18.71,-39.61
115559,-0.75,9.75,1587,1689,1574,1376,1459,6.43,-0.82,-13.3,-8.07
115559,-0.75,9.75,1558,1631,1624,1627,1545,4.69,4.24,4.43,-0.83
115559,-0.75,9.75,1630,1851,1672,1381,1462,13.56,2.58,-15.28,-10.31
115559,-0.75,9.75,1667,1614,1651,1506,1404,-3.18,-0.96,-9.66,-15.78
115559,-0.75,9.75,1598,1656,1693,1681,777,3.63,5.94,5.19,-51.38
115559,-0.75,9.75,1654,1705,1435,1102,1295,3.08,-13.24,-33.37,-21.7
115560,-0.25,9.75,1844,1711,1914,1811,1615,-7.21,3.8,-1.79,-12.42
115560,-0.25,9.75,1629,1718,1717,1597,1728,5.46,5.4,-1.96,6.08
115560,-0.25,9.75,1832,1726,1815,1640,1391,-5.79,-0.93,-10.48,-24.07
115560,-0.25,9.75,1690,1722,1729,1670,1649,1.89,2.31,-1.18,-2.43
115560,-0.25,9.75,1678,1864,1786,1556,1684,11.08,6.44,-7.27,0.36
115560,-0.25,9.75,1561,1609,1603,1660,1544,3.07,2.69,6.34,-1.09
115560,-0.25,9.75,1644,1664,1757,1597,1324,1.22,6.87,-2.86,-19.46
115560,-0.25,9.75,1578,1695,1771,1706,1430,7.41,12.23,8.11,-9.38
115560,-0.25,9.75,1753,1700,1728,1248,1359,-3.02,-1.43,-28.81,-22.48
115560,-0.25,9.75,1586,1653,1661,1574,1369,4.22,4.73,-0.76,-13.68
115560,-0.25,9.75,1664,1681,1638,1584,660,1.02,-1.56,-4.81,-60.34
115560,-0.25,9.75,1625,1712,1613,1651,1503,5.35,-0.74,1.6,-7.51
115560,-0.25,9.75,1681,1680,1829,1678,1446,-0.06,8.8,-0.18,-13.98
115560,-0.25,9.75,1619,1767,1596,1336,1098,9.14,-1.42,-17.48,-32.18
115560,-0.25,9.75,1590,1703,1582,1425,1507,7.11,-0.5,-10.38,-5.22
115560,-0.25,9.75,1591,1672,1688,1660,1600,5.09,6.1,4.34,0.57
115560,-0.25,9.75,1616,1879,1751,1474,1552,16.27,8.35,-8.79,-3.96
115560,-0.25,9.75,1655,1614,1718,1660,1431,-2.48,3.81,0.3,-13.53
115560,-0.25,9.75,1587,1689,1784,1721,949,6.43,12.41,8.44,-40.2
115560,-0.25,9.75,1642,1783,1663,1232,1403,8.59,1.28,-24.97,-14.56
115561,0.25,9.75,1802,1651,1848,1745,1555,-8.38,2.55,-3.16,-13.71
115561,0.25,9.75,1582,1620,1645,1524,1606,2.4,3.98,-3.67,1.52
115561,0.25,9.75,1672,1655,1747,1549,1363,-1.02,4.49,-7.36,-18.48
115561,0.25,9.75,1686,1657,1650,1573,1520,-1.72,-2.14,-6.7,-9.85
115561,0.25,9.75,1636,1801,1743,1502,1622,10.09,6.54,-8.19,-0.86
115561,0.25,9.75,1528,1534,1556,1611,1467,0.39,1.83,5.43,-3.99
115561,0.25,9.75,1515,1570,1675,1573,1319,3.63,10.56,3.83,-12.94
115561,0.25,9.75,1538,1599,1691,1619,1329,3.97,9.95,5.27,-13.59
115561,0.25,9.75,1660,1630,1682,1223,1214,-1.81,1.33,-26.33,-26.87
115561,0.25,9.75,1551,1577,1598,1508,1233,1.68,3.03,-2.77,-20.5
115561,0.25,9.75,1600,1624,1604,1510,473,1.5,0.25,-5.63,-70.44
115561,0.25,9.75,1593,1632,1541,1585,1333,2.45,-3.26,-0.5,-16.32
115561,0.25,9.75,1632,1609,1748,1642,1324,-1.41,7.11,0.61,-18.87
115561,0.25,9.75,1586,1694,1537,1311,1036,6.81,-3.09,-17.34,-34.68
115561,0.25,9.75,1521,1612,1526,1380,1412,5.98,0.33,-9.27,-7.17
115561,0.25,9.75,1549,1625,1601,1567,1532,4.91,3.36,1.16,-1.1
115561,0.25,9.75,1586,1813,1701,1355,1449,14.31,7.25,-14.56,-8.64
115561,0.25,9.75,1628,1533,1598,1549,1374,-5.84,-1.84,-4.85,-15.6
115561,0.25,9.75,1556,1645,1713,1627,861,5.72,10.09,4.56,-44.67
115561,0.25,9.75,1599,1730,1628,1133,1302,8.19,1.81,-29.14,-18.57
116276,-2.25,9.25,1800,1655,1868,1782,1571,-8.06,3.78,-1,-12.72
116276,-2.25,9.25,1519,1744,1653,1549,1706,14.81,8.82,1.97,12.31
116276,-2.25,9.25,1687,1661,1777,1587,1481,-1.54,5.33,-5.93,-12.21
116276,-2.25,9.25,1379,1722,1735,1471,1543,24.87,25.82,6.67,11.89
116276,-2.25,9.25,1681,1804,1745,1542,1623,7.32,3.81,-8.27,-3.45
116276,-2.25,9.25,1595,1643,1603,1649,1536,3.01,0.5,3.39,-3.7
116276,-2.25,9.25,1644,1711,1727,1636,1382,4.08,5.05,-0.49,-15.94
116276,-2.25,9.25,1603,1753,1722,1681,1247,9.36,7.42,4.87,-22.21
116276,-2.25,9.25,1709,1729,1481,1422,1425,1.17,-13.34,-16.79,-16.62
116276,-2.25,9.25,1637,1711,1684,1652,1476,4.52,2.87,0.92,-9.84
116276,-2.25,9.25,1500,1709,1615,1540,665,13.93,7.67,2.67,-55.67
116276,-2.25,9.25,1646,1732,1603,1623,1538,5.22,-2.61,-1.4,-6.56
116276,-2.25,9.25,1407,1684,1477,1686,1476,19.69,4.98,19.83,4.9
116276,-2.25,9.25,945,1628,1554,1423,1277,72.28,64.44,50.58,35.13
116276,-2.25,9.25,1631,1734,1577,1495,1481,6.32,-3.31,-8.34,-9.2
116276,-2.25,9.25,1611,1594,1690,1694,1549,-1.06,4.9,5.15,-3.85
116276,-2.25,9.25,1634,1812,1425,1497,1547,10.89,-12.79,-8.38,-5.32
116276,-2.25,9.25,1629,1669,1627,1591,1594,2.46,-0.12,-2.33,-2.15
116276,-2.25,9.25,1658,1699,1697,1741,1076,2.47,2.35,5.01,-35.1
116276,-2.25,9.25,1681,1770,1179,1370,1398,5.29,-29.86,-18.5,-16.84
116277,-1.75,9.25,1788,1662,1857,1776,1522,-7.05,3.86,-0.67,-14.88
116277,-1.75,9.25,1576,1733,1669,1555,1569,9.96,5.9,-1.33,-0.44
116277,-1.75,9.25,1686,1680,1791,1547,1453,-0.36,6.23,-8.24,-13.82
116277,-1.75,9.25,1591,1733,1762,1558,1572,8.93,10.75,-2.07,-1.19
116277,-1.75,9.25,1618,1791,1745,1544,1611,10.69,7.85,-4.57,-0.43
116277,-1.75,9.25,1578,1643,1611,1653,1493,4.12,2.09,4.75,-5.39
116277,-1.75,9.25,1625,1704,1747,1663,1393,4.86,7.51,2.34,-14.28
116277,-1.75,9.25,1606,1723,1740,1628,1185,7.29,8.34,1.37,-26.21
116277,-1.75,9.25,1716,1682,1716,1435,1299,-1.98,0,-16.38,-24.3
116277,-1.75,9.25,1625,1701,1700,1637,1361,4.68,4.62,0.74,-16.25
116277,-1.75,9.25,1613,1693,1636,1547,331,4.96,1.43,-4.09,-79.48
116277,-1.75,9.25,1641,1750,1588,1569,1452,6.64,-3.23,-4.39,-11.52
116277,-1.75,9.25,1228,1673,1479,1699,1415,36.24,20.44,38.36,15.23
116277,-1.75,9.25,1103,1715,1558,1458,1169,55.49,41.25,32.18,5.98
116277,-1.75,9.25,1630,1738,1602,1424,1436,6.63,-1.72,-12.64,-11.9
116277,-1.75,9.25,1596,1624,1687,1646,1542,1.75,5.7,3.13,-3.38
116277,-1.75,9.25,1641,1878,1517,1421,1400,14.44,-7.56,-13.41,-14.69
116277,-1.75,9.25,1679,1678,1724,1522,1493,-0.06,2.68,-9.35,-11.08
116277,-1.75,9.25,1621,1687,1702,1722,891,4.07,5,6.23,-45.03
116277,-1.75,9.25,1660,1769,1357,1319,1279,6.57,-18.25,-20.54,-22.95
116278,-1.25,9.25,1775,1690,1843,1781,1514,-4.79,3.83,0.34,-14.7
116278,-1.25,9.25,1546,1719,1686,1562,1569,11.19,9.06,1.03,1.49
116278,-1.25,9.25,1692,1681,1806,1534,1420,-0.65,6.74,-9.34,-16.08
116278,-1.25,9.25,1679,1746,1763,1495,1591,3.99,5,-10.96,-5.24
116278,-1.25,9.25,1693,1806,1740,1554,1613,6.67,2.78,-8.21,-4.73
116278,-1.25,9.25,1587,1618,1620,1669,1488,1.95,2.08,5.17,-6.24
116278,-1.25,9.25,1630,1699,1714,1652,1361,4.23,5.15,1.35,-16.5
116278,-1.25,9.25,1584,1694,1736,1650,1180,6.94,9.6,4.17,-25.51
116278,-1.25,9.25,1735,1679,1718,1383,1246,-3.23,-0.98,-20.29,-28.18
116278,-1.25,9.25,1615,1686,1688,1590,1328,4.4,4.52,-1.55,-17.77
116278,-1.25,9.25,1603,1659,1640,1552,270,3.49,2.31,-3.18,-83.16
116278,-1.25,9.25,1636,1759,1607,1578,1376,7.52,-1.77,-3.55,-15.89
116278,-1.25,9.25,1269,1686,1685,1690,1390,32.86,32.78,33.18,9.54
116278,-1.25,9.25,1366,1712,1533,1431,1087,25.33,12.23,4.76,-20.42
116278,-1.25,9.25,1616,1748,1588,1365,1454,8.17,-1.73,-15.53,-10.02
116278,-1.25,9.25,1571,1650,1640,1639,1570,5.03,4.39,4.33,-0.06
116278,-1.25,9.25,1635,1883,1703,1400,1447,15.17,4.16,-14.37,-11.5
116278,-1.25,9.25,1667,1688,1701,1494,1411,1.26,2.04,-10.38,-15.36
116278,-1.25,9.25,1626,1679,1717,1708,809,3.26,5.6,5.04,-50.25
116278,-1.25,9.25,1653,1754,1600,1267,1273,6.11,-3.21,-23.35,-22.99
116279,-0.75,9.25,1794,1669,1801,1732,1537,-6.97,0.39,-3.46,-14.33
116279,-0.75,9.25,1551,1675,1658,1542,1625,7.99,6.9,-0.58,4.77
116279,-0.75,9.25,1722,1635,1766,1548,1404,-5.05,2.56,-10.1,-18.47
116279,-0.75,9.25,1671,1709,1735,1514,1623,2.27,3.83,-9.4,-2.87
116279,-0.75,9.25,1679,1756,1724,1533,1608,4.59,2.68,-8.7,-4.23
116279,-0.75,9.25,1561,1593,1594,1621,1486,2.05,2.11,3.84,-4.8
116279,-0.75,9.25,1599,1642,1719,1584,1342,2.69,7.5,-0.94,-16.07
116279,-0.75,9.25,1549,1657,1704,1660,1251,6.97,10.01,7.17,-19.24
116279,-0.75,9.25,1697,1677,1708,1356,1350,-1.18,0.65,-20.09,-20.45
116279,-0.75,9.25,1574,1633,1661,1561,1374,3.75,5.53,-0.83,-12.71
116279,-0.75,9.25,1624,1641,1600,1527,452,1.05,-1.48,-5.97,-72.17
116279,-0.75,9.25,1617,1727,1603,1569,1461,6.8,-0.87,-2.97,-9.65
116279,-0.75,9.25,1508,1659,1730,1643,1397,10.01,14.72,8.95,-7.36
116279,-0.75,9.25,1564,1703,1506,1389,1119,8.89,-3.71,-11.19,-28.45
116279,-0.75,9.25,1581,1711,1558,1374,1447,8.22,-1.45,-13.09,-8.48
116279,-0.75,9.25,1563,1630,1629,1623,1556,4.29,4.22,3.84,-0.45
116279,-0.75,9.25,1615,1842,1697,1407,1487,14.06,5.08,-12.88,-7.93
116279,-0.75,9.25,1648,1636,1727,1541,1405,-0.73,4.79,-6.49,-14.75
116279,-0.75,9.25,1616,1635,1686,1708,914,1.18,4.33,5.69,-43.44
116279,-0.75,9.25,1636,1732,1569,1263,1310,5.87,-4.1,-22.8,-19.93
116280,-0.25,9.25,1789,1645,1776,1695,1529,-8.05,-0.73,-5.25,-14.53
116280,-0.25,9.25,1527,1618,1647,1502,1635,5.96,7.86,-1.64,7.07
116280,-0.25,9.25,1728,1620,1736,1552,1371,-6.25,0.46,-10.19,-20.66
116280,-0.25,9.25,1657,1664,1667,1622,1598,0.42,0.6,-2.11,-3.56
116280,-0.25,9.25,1631,1752,1707,1507,1591,7.42,4.66,-7.6,-2.45
116280,-0.25,9.25,1518,1556,1579,1592,1452,2.5,4.02,4.87,-4.35
116280,-0.25,9.25,1594,1611,1701,1540,1308,1.07,6.71,-3.39,-17.94
116280,-0.25,9.25,1506,1643,1673,1644,1313,9.1,11.09,9.16,-12.82
116280,-0.25,9.25,1657,1673,1663,1315,1391,0.97,0.36,-20.64,-16.05
116280,-0.25,9.25,1530,1600,1614,1538,1390,4.58,5.49,0.52,-9.15
116280,-0.25,9.25,1594,1616,1580,1526,686,1.38,-0.88,-4.27,-56.96
116280,-0.25,9.25,1583,1702,1562,1597,1438,7.52,-1.33,0.88,-9.16
116280,-0.25,9.25,1614,1621,1696,1599,1393,0.43,5.08,-0.93,-13.69
116280,-0.25,9.25,1590,1694,1489,1340,1142,6.54,-6.35,-15.72,-28.18
116280,-0.25,9.25,1554,1665,1523,1373,1426,7.14,-1.99,-11.65,-8.24
116280,-0.25,9.25,1525,1598,1623,1601,1565,4.79,6.43,4.98,2.62
116280,-0.25,9.25,1570,1812,1698,1402,1488,15.41,8.15,-10.7,-5.22
116280,-0.25,9.25,1609,1593,1706,1601,1343,-0.99,6.03,-0.5,-16.53
116280,-0.25,9.25,1659,1615,1678,1682,941,-2.65,1.15,1.39,-43.28
116280,-0.25,9.25,1588,1716,1637,1323,1344,8.06,3.09,-16.69,-15.37
116281,0.25,9.25,1756,1605,1743,1660,1520,-8.6,-0.74,-5.47,-13.44
116281,0.25,9.25,1494,1564,1621,1448,1516,4.69,8.5,-3.08,1.47
116281,0.25,9.25,1721,1593,1700,1514,1358,-7.44,-1.22,-12.03,-21.09
116281,0.25,9.25,1641,1622,1621,1578,1555,-1.16,-1.22,-3.84,-5.24
116281,0.25,9.25,1594,1724,1706,1484,1570,8.16,7.03,-6.9,-1.51
116281,0.25,9.25,1492,1507,1554,1568,1410,1.01,4.16,5.09,-5.5
116281,0.25,9.25,1563,1546,1670,1539,1331,-1.09,6.85,-1.54,-14.84
116281,0.25,9.25,1484,1595,1649,1606,1255,7.48,11.12,8.22,-15.43
116281,0.25,9.25,1664,1650,1639,1335,1309,-0.84,-1.5,-19.77,-21.33
116281,0.25,9.25,1501,1562,1567,1510,1333,4.06,4.4,0.6,-11.19
116281,0.25,9.25,1574,1577,1584,1487,577,0.19,0.64,-5.53,-63.34
116281,0.25,9.25,1559,1651,1530,1573,1352,5.9,-1.86,0.9,-13.28
116281,0.25,9.25,1576,1573,1680,1573,1322,-0.19,6.6,-0.19,-16.12
116281,0.25,9.25,1583,1659,1498,1348,1119,4.8,-5.37,-14.85,-29.31
116281,0.25,9.25,1524,1595,1505,1378,1384,4.66,-1.25,-9.58,-9.19
116281,0.25,9.25,1510,1583,1590,1547,1528,4.83,5.3,2.45,1.19
116281,0.25,9.25,1529,1780,1693,1382,1451,16.42,10.73,-9.61,-5.1
116281,0.25,9.25,1567,1505,1657,1548,1362,-3.96,5.74,-1.21,-13.08
116281,0.25,9.25,1640,1620,1690,1643,929,-1.22,3.05,0.18,-43.35
116281,0.25,9.25,1549,1703,1599,1311,1286,9.94,3.23,-15.36,-16.98
116996,-2.25,8.75,1726,1615,1808,1705,1525,-6.43,4.75,-1.22,-11.65
116996,-2.25,8.75,1545,1701,1594,1498,1621,10.1,3.17,-3.04,4.92
116996,-2.25,8.75,1632,1643,1723,1543,1466,0.67,5.58,-5.45,-10.17
116996,-2.25,8.75,1615,1672,1673,1638,1572,3.53,3.59,1.42,-2.66
116996,-2.25,8.75,1600,1733,1678,1510,1528,8.31,4.88,-5.63,-4.5
116996,-2.25,8.75,1559,1593,1566,1629,1465,2.18,0.45,4.49,-6.03
116996,-2.25,8.75,1598,1645,1687,1590,1389,2.94,5.57,-0.5,-13.08
116996,-2.25,8.75,1555,1694,1678,1619,1184,8.94,7.91,4.12,-23.86
116996,-2.25,8.75,1689,1667,1685,1481,1417,-1.3,-0.24,-12.31,-16.1
116996,-2.25,8.75,1591,1634,1646,1630,1480,2.7,3.46,2.45,-6.98
116996,-2.25,8.75,1586,1632,1559,1505,802,2.9,-1.7,-5.11,-49.43
116996,-2.25,8.75,1601,1674,1573,1543,1508,4.56,-1.75,-3.62,-5.81
116996,-2.25,8.75,1640,1635,1717,1645,1465,-0.3,4.7,0.3,-10.67
116996,-2.25,8.75,1501,1690,1485,1427,1342,12.59,-1.07,-4.93,-10.59
116996,-2.25,8.75,1577,1678,1532,1446,1439,6.4,-2.85,-8.31,-8.75
116996,-2.25,8.75,1566,1531,1635,1652,1546,-2.23,4.41,5.49,-1.28
116996,-2.25,8.75,1592,1842,1647,1430,1508,15.7,3.45,-10.18,-5.28
116996,-2.25,8.75,1645,1619,1663,1568,1523,-1.58,1.09,-4.68,-7.42
116996,-2.25,8.75,1617,1639,1665,1694,1083,1.36,2.97,4.76,-33.02
116996,-2.25,8.75,1644,1719,1629,1378,1381,4.56,-0.91,-16.18,-16
116998,-1.25,8.75,1754,1624,1777,1701,1534,-7.41,1.31,-3.02,-12.54
116998,-1.25,8.75,1523,1672,1625,1522,1518,9.78,6.7,-0.07,-0.33
116998,-1.25,8.75,1649,1642,1729,1489,1398,-0.42,4.85,-9.7,-15.22
116998,-1.25,8.75,1660,1663,1695,1287,1572,0.18,2.11,-22.47,-5.3
116998,-1.25,8.75,1648,1713,1691,1552,1569,3.94,2.61,-5.83,-4.79
116998,-1.25,8.75,1572,1570,1552,1604,1442,-0.13,-1.27,2.04,-8.27
116998,-1.25,8.75,1600,1636,1689,1590,1412,2.25,5.56,-0.63,-11.75
116998,-1.25,8.75,1553,1639,1680,1577,1198,5.54,8.18,1.55,-22.86
116998,-1.25,8.75,1687,1630,1701,1474,1338,-3.38,0.83,-12.63,-20.69
116998,-1.25,8.75,1583,1625,1650,1592,1378,2.65,4.23,0.57,-12.95
116998,-1.25,8.75,1577,1599,1574,1508,371,1.4,-0.19,-4.38,-76.47
116998,-1.25,8.75,1609,1684,1577,1521,1377,4.66,-1.99,-5.47,-14.42
116998,-1.25,8.75,1036,1655,1688,1646,1367,59.75,62.93,58.88,31.95
116998,-1.25,8.75,1160,1672,1504,1431,1200,44.14,29.66,23.36,3.45
116998,-1.25,8.75,1590,1658,1552,1368,1398,4.28,-2.39,-13.96,-12.08
116998,-1.25,8.75,1538,1592,1619,1614,1562,3.51,5.27,4.94,1.56
116998,-1.25,8.75,1632,1826,1566,1380,1436,11.89,-4.04,-15.44,-12.01
116998,-1.25,8.75,1655,1602,1699,1476,1392,-3.2,2.66,-10.82,-15.89
116998,-1.25,8.75,1622,1620,1682,1685,909,-0.12,3.7,3.88,-43.96
116998,-1.25,8.75,1637,1717,1587,1233,1291,4.89,-3.05,-24.68,-21.14
116999,-0.75,8.75,1739,1613,1728,1647,1493,-7.25,-0.63,-5.29,-14.15
116999,-0.75,8.75,1497,1616,1589,1472,1551,7.95,6.15,-1.67,3.61
116999,-0.75,8.75,1627,1585,1711,1499,1355,-2.58,5.16,-7.87,-16.72
116999,-0.75,8.75,1625,1628,1670,1537,1564,0.18,2.77,-5.42,-3.75
116999,-0.75,8.75,1626,1702,1677,1501,1526,4.67,3.14,-7.69,-6.15
116999,-0.75,8.75,1530,1528,1525,1563,1400,-0.13,-0.33,2.16,-8.5
116999,-0.75,8.75,1551,1584,1658,1535,1335,2.13,6.9,-1.03,-13.93
116999,-0.75,8.75,1503,1611,1652,1582,1193,7.19,9.91,5.26,-20.63
116999,-0.75,8.75,1640,1604,1645,1427,1307,-2.2,0.3,-12.99,-20.3
116999,-0.75,8.75,1529,1574,1625,1568,1370,2.94,6.28,2.55,-10.4
116999,-0.75,8.75,1572,1564,1542,1482,486,-0.51,-1.91,-5.73,-69.08
116999,-0.75,8.75,1563,1658,1565,1553,1392,6.08,0.13,-0.64,-10.94
116999,-0.75,8.75,1252,1598,1676,1599,1345,27.64,33.87,27.72,7.43
116999,-0.75,8.75,1442,1648,1460,1396,1181,14.29,1.25,-3.19,-18.1
116999,-0.75,8.75,1535,1639,1534,1369,1379,6.78,-0.07,-10.81,-10.16
116999,-0.75,8.75,1496,1568,1598,1564,1535,4.81,6.82,4.55,2.61
116999,-0.75,8.75,1576,1785,1632,1366,1448,13.26,3.55,-13.32,-8.12
116999,-0.75,8.75,1602,1574,1687,1488,1320,-1.75,5.31,-7.12,-17.6
116999,-0.75,8.75,1628,1574,1626,1653,900,-3.32,-0.12,1.54,-44.72
116999,-0.75,8.75,1598,1673,1628,1298,1294,4.69,1.88,-18.77,-19.02
117000,-0.25,8.75,1717,1576,1729,1616,1474,-8.21,0.7,-5.88,-14.15
117000,-0.25,8.75,1467,1551,1586,1441,1551,5.73,8.11,-1.77,5.73
117000,-0.25,8.75,1618,1582,1681,1489,1338,-2.22,3.89,-7.97,-17.31
117000,-0.25,8.75,1603,1585,1617,1563,1543,-1.12,0.87,-2.5,-3.74
117000,-0.25,8.75,1582,1692,1645,1455,1500,6.95,3.98,-8.03,-5.18
117000,-0.25,8.75,1491,1492,1520,1528,1365,0.07,1.95,2.48,-8.45
117000,-0.25,8.75,1535,1549,1619,1496,1303,0.91,5.47,-2.54,-15.11
117000,-0.25,8.75,1467,1583,1605,1600,1223,7.91,9.41,9.07,-16.63
117000,-0.25,8.75,1620,1591,1601,1352,1318,-1.79,-1.17,-16.54,-18.64
117000,-0.25,8.75,1476,1527,1575,1506,1381,3.46,6.71,2.03,-6.44
117000,-0.25,8.75,1547,1547,1527,1471,681,0,-1.29,-4.91,-55.98
117000,-0.25,8.75,1539,1646,1531,1550,1342,6.95,-0.52,0.71,-12.8
117000,-0.25,8.75,1505,1549,1638,1541,1339,2.92,8.84,2.39,-11.03
117000,-0.25,8.75,1378,1636,1447,1351,1167,18.72,5.01,-1.96,-15.31
117000,-0.25,8.75,1504,1616,1482,1351,1363,7.45,-1.46,-10.17,-9.38
117000,-0.25,8.75,1477,1542,1561,1544,1520,4.4,5.69,4.54,2.91
117000,-0.25,8.75,1524,1754,1645,1366,1450,15.09,7.94,-10.37,-4.86
117000,-0.25,8.75,1558,1497,1654,1547,1290,-3.92,6.16,-0.71,-17.2
117000,-0.25,8.75,1633,1545,1614,1620,941,-5.39,-1.16,-0.8,-42.38
117000,-0.25,8.75,1536,1648,1577,1336,1320,7.29,2.67,-13.02,-14.06
117001,0.25,8.75,1678,1515,1693,1581,1421,-9.71,0.89,-5.78,-15.32
117001,0.25,8.75,1408,1475,1552,1387,1431,4.76,10.23,-1.49,1.63
117001,0.25,8.75,1610,1542,1641,1441,1290,-4.22,1.93,-10.5,-19.88
117001,0.25,8.75,1575,1518,1544,1518,1491,-3.62,-1.97,-3.62,-5.33
117001,0.25,8.75,1531,1669,1622,1430,1478,9.01,5.94,-6.6,-3.46
117001,0.25,8.75,1445,1445,1494,1506,1342,0,3.39,4.22,-7.13
117001,0.25,8.75,1503,1490,1589,1476,1326,-0.86,5.72,-1.8,-11.78
117001,0.25,8.75,1423,1549,1581,1537,1163,8.85,11.1,8.01,-18.27
117001,0.25,8.75,1575,1614,1531,1347,1266,2.48,-2.79,-14.48,-19.62
117001,0.25,8.75,1450,1505,1521,1465,1305,3.79,4.9,1.03,-10
117001,0.25,8.75,1520,1522,1539,1432,558,0.13,1.25,-5.79,-63.29
117001,0.25,8.75,1511,1619,1492,1486,1247,7.15,-1.26,-1.65,-17.47
117001,0.25,8.75,1504,1506,1598,1500,1283,0.13,6.25,-0.27,-14.69
117001,0.25,8.75,1548,1587,1436,1338,1134,2.52,-7.24,-13.57,-26.74
117001,0.25,8.75,1462,1559,1450,1317,1299,6.63,-0.82,-9.92,-11.15
117001,0.25,8.75,1477,1504,1525,1516,1473,1.83,3.25,2.64,-0.27
117001,0.25,8.75,1469,1686,1610,1276,1382,14.77,9.6,-13.14,-5.92
117001,0.25,8.75,1505,1420,1606,1467,1260,-5.65,6.71,-2.52,-16.28
117001,0.25,8.75,1620,1542,1602,1596,878,-4.81,-1.11,-1.48,-45.8
117001,0.25,8.75,1494,1628,1490,1237,1238,8.97,-0.27,-17.2,-17.14
117716,-2.25,8.25,1181,529,821,773,600,-55.21,-30.48,-34.55,-49.2
117716,-2.25,8.25,1274,751,1172,878,413,-41.05,-8.01,-31.08,-67.58
117716,-2.25,8.25,1198,505,880,1038,779,-57.85,-26.54,-13.36,-34.97
117716,-2.25,8.25,1227,837,1155,536,271,-31.78,-5.87,-56.32,-77.91
117716,-2.25,8.25,1591,980,659,899,353,-38.4,-58.58,-43.49,-77.81
117716,-2.25,8.25,1521,715,534,699,482,-52.99,-64.89,-54.04,-68.31
117716,-2.25,8.25,1541,737,436,528,286,-52.17,-71.71,-65.74,-81.44
117716,-2.25,8.25,1146,1621,383,328,672,41.45,-66.58,-71.38,-41.36
117716,-2.25,8.25,1228,829,711,466,137,-32.49,-42.1,-62.05,-88.84
117716,-2.25,8.25,1085,740,705,1164,172,-31.8,-35.02,7.28,-84.15
117716,-2.25,8.25,1165,913,488,400,133,-21.63,-58.11,-65.67,-88.58
117716,-2.25,8.25,1231,562,250,395,138,-54.35,-79.69,-67.91,-88.79
117716,-2.25,8.25,1484,806,1136,792,478,-45.69,-23.45,-46.63,-67.79
117716,-2.25,8.25,1209,457,347,1064,445,-62.2,-71.3,-11.99,-63.19
117716,-2.25,8.25,1225,614,404,1594,209,-49.88,-67.02,30.12,-82.94
117716,-2.25,8.25,722,395,428,704,357,-45.29,-40.72,-2.49,-50.55
117716,-2.25,8.25,1083,526,284,766,437,-51.43,-73.78,-29.27,-59.65
117716,-2.25,8.25,1248,895,453,905,180,-28.29,-63.7,-27.48,-85.58
117716,-2.25,8.25,665,1556,541,654,364,133.98,-18.65,-1.65,-45.26
117716,-2.25,8.25,1430,524,584,1319,113,-63.36,-59.16,-7.76,-92.1
117717,-1.75,8.25,1690,1594,1711,1603,1492,-5.68,1.24,-5.15,-11.72
117717,-1.75,8.25,986,1685,1585,1436,1480,70.89,60.75,45.64,50.1
117717,-1.75,8.25,1585,1598,1675,1482,1458,0.82,5.68,-6.5,-8.01
117717,-1.75,8.25,1480,1640,1676,1330,1411,10.81,13.24,-10.14,-4.66
117717,-1.75,8.25,1586,1681,1656,1518,1494,5.99,4.41,-4.29,-5.8
117717,-1.75,8.25,1552,1580,1596,1593,1363,1.8,2.84,2.64,-12.18
117717,-1.75,8.25,1553,1644,1621,1579,1488,5.86,4.38,1.67,-4.19
117717,-1.75,8.25,1557,1642,1656,1514,1205,5.46,6.36,-2.76,-22.61
117717,-1.75,8.25,1658,1620,1552,1597,1417,-2.29,-6.39,-3.68,-14.54
117717,-1.75,8.25,1573,1622,1558,1597,1494,3.12,-0.95,1.53,-5.02
117717,-1.75,8.25,1511,1629,1567,1506,741,7.81,3.71,-0.33,-50.96
117717,-1.75,8.25,1353,1694,1598,1501,1456,25.2,18.11,10.94,7.61
117717,-1.75,8.25,849,1488,1207,1536,1396,75.27,42.17,80.92,64.43
117717,-1.75,8.25,1053,1555,1475,1469,1389,47.67,40.08,39.51,31.91
117717,-1.75,8.25,1533,1625,1558,1381,1318,6,1.63,-9.92,-14.02
117717,-1.75,8.25,1380,1560,1589,1572,1500,13.04,15.14,13.91,8.7
117717,-1.75,8.25,1586,1551,1525,1410,1425,-2.21,-3.85,-11.1,-10.15
117717,-1.75,8.25,1627,1508,1646,1496,1436,-7.31,1.17,-8.05,-11.74
117717,-1.75,8.25,1419,1654,1600,1672,1048,16.56,12.76,17.83,-26.15
117717,-1.75,8.25,1594,1669,1266,1353,1352,4.71,-20.58,-15.12,-15.18
117718,-1.25,8.25,1691,1614,1695,1605,1564,-4.55,0.24,-5.09,-7.51
117718,-1.25,8.25,1532,1643,1589,1446,1505,7.25,3.72,-5.61,-1.76
117718,-1.25,8.25,1574,1578,1716,1478,1436,0.25,9.02,-6.1,-8.77
117718,-1.25,8.25,1606,1622,1643,1450,1535,1,2.3,-9.71,-4.42
117718,-1.25,8.25,1509,1682,1646,1524,1499,11.46,9.08,0.99,-0.66
117718,-1.25,8.25,1562,1593,1593,1580,1352,1.98,1.98,1.15,-13.44
117718,-1.25,8.25,1555,1624,1668,1574,1484,4.44,7.27,1.22,-4.57
117718,-1.25,8.25,1533,1633,1641,1536,1228,6.52,7.05,0.2,-19.9
117718,-1.25,8.25,1648,1627,1641,1620,1413,-1.27,-0.42,-1.7,-14.26
117718,-1.25,8.25,1542,1608,1598,1602,1551,4.28,3.63,3.89,0.58
117718,-1.25,8.25,1561,1587,1566,1506,705,1.67,0.32,-3.52,-54.84
117718,-1.25,8.25,1435,1709,1571,1513,1415,19.09,9.48,5.44,-1.39
117718,-1.25,8.25,961,1620,1553,1595,1365,68.57,61.6,65.97,42.04
117718,-1.25,8.25,1371,1589,1461,1454,1363,15.9,6.56,6.05,-0.58
117718,-1.25,8.25,1528,1650,1574,1428,1351,7.98,3.01,-6.54,-11.58
117718,-1.25,8.25,1525,1578,1580,1579,1519,3.48,3.61,3.54,-0.39
117718,-1.25,8.25,1582,1769,1612,1403,1425,11.82,1.9,-11.31,-9.92
117718,-1.25,8.25,1620,1616,1680,1512,1368,-0.25,3.7,-6.67,-15.56
117718,-1.25,8.25,1618,1623,1595,1652,1053,0.31,-1.42,2.1,-34.92
117718,-1.25,8.25,1593,1672,1541,1335,1341,4.96,-3.26,-16.2,-15.82
117721,0.25,8.25,1680,1533,1616,1542,1486,-8.75,-3.81,-8.21,-11.55
117721,0.25,8.25,1418,1503,1550,1377,1500,5.99,9.31,-2.89,5.78
117721,0.25,8.25,1559,1533,1634,1448,1387,-1.67,4.81,-7.12,-11.03
117721,0.25,8.25,1594,1546,1572,1526,1443,-3.01,-1.38,-4.27,-9.47
117721,0.25,8.25,1526,1663,1623,1430,1422,8.98,6.36,-6.29,-6.82
117721,0.25,8.25,1482,1504,1556,1495,1320,1.48,4.99,0.88,-10.93
117721,0.25,8.25,1417,1562,1597,1516,1412,10.23,12.7,6.99,-0.35
117721,0.25,8.25,1438,1562,1581,1549,1169,8.62,9.94,7.72,-18.71
117721,0.25,8.25,1585,1619,1544,1497,1381,2.15,-2.59,-5.55,-12.87
117721,0.25,8.25,1453,1538,1539,1549,1517,5.85,5.92,6.61,4.4
117721,0.25,8.25,1521,1544,1570,1450,913,1.51,3.22,-4.67,-39.97
117721,0.25,8.25,1523,1669,1494,1497,1365,9.59,-1.9,-1.71,-10.37
117721,0.25,8.25,1484,1506,1545,1471,1343,1.48,4.11,-0.88,-9.5
117721,0.25,8.25,1613,1537,1447,1393,1340,-4.71,-10.29,-13.64,-16.92
117721,0.25,8.25,1472,1609,1501,1391,1343,9.31,1.97,-5.5,-8.76
117721,0.25,8.25,1486,1520,1498,1523,1532,2.29,0.81,2.49,3.1
117721,0.25,8.25,1470,1695,1599,1320,1428,15.31,8.78,-10.2,-2.86
117721,0.25,8.25,1517,1451,1643,1503,1340,-4.35,8.31,-0.92,-11.67
117721,0.25,8.25,1506,1575,1539,1610,1100,4.58,2.19,6.91,-26.96
117721,0.25,8.25,1529,1618,1508,1429,1342,5.82,-1.37,-6.54,-12.23
118435,-2.75,7.75,1499,1106,1383,1212,1000,-26.22,-7.74,-19.15,-33.29
118435,-2.75,7.75,1576,1238,1483,1520,885,-21.45,-5.9,-3.55,-43.85
118435,-2.75,7.75,1368,640,1475,1671,1217,-53.22,7.82,22.15,-11.04
118435,-2.75,7.75,1438,1167,1658,1367,669,-18.85,15.3,-4.94,-53.48
118435,-2.75,7.75,1664,1307,1123,1499,977,-21.45,-32.51,-9.92,-41.29
118435,-2.75,7.75,1642,1221,1047,1424,1040,-25.64,-36.24,-13.28,-36.66
118435,-2.75,7.75,1601,1051,1043,1253,758,-34.35,-34.85,-21.74,-52.65
118435,-2.75,7.75,1522,1644,865,814,1325,8.02,-43.17,-46.52,-12.94
118435,-2.75,7.75,1423,1210,1227,843,355,-14.97,-13.77,-40.76,-75.05
118435,-2.75,7.75,1353,1192,1169,1353,515,-11.9,-13.6,0,-61.94
118435,-2.75,7.75,1512,1185,944,886,436,-21.63,-37.57,-41.4,-71.16
118435,-2.75,7.75,1420,918,691,1154,319,-35.35,-51.34,-18.73,-77.54
118435,-2.75,7.75,1579,1241,1368,1277,1031,-21.41,-13.36,-19.13,-34.71
118435,-2.75,7.75,1536,972,804,1626,1065,-36.72,-47.66,5.86,-30.66
118435,-2.75,7.75,1494,948,1000,1734,600,-36.55,-33.07,16.06,-59.84
118435,-2.75,7.75,1197,606,1087,1134,821,-49.37,-9.19,-5.26,-31.41
118435,-2.75,7.75,1223,953,816,1118,920,-22.08,-33.28,-8.59,-24.78
118435,-2.75,7.75,1475,1268,990,1382,459,-14.03,-32.88,-6.31,-68.88
118435,-2.75,7.75,1288,1692,1132,1129,889,31.37,-12.11,-12.34,-30.98
118435,-2.75,7.75,1497,781,1151,1719,528,-47.83,-23.11,14.83,-64.73
118436,-2.25,7.75,1465,946,1412,1218,1094,-35.43,-3.62,-16.86,-25.32
118436,-2.25,7.75,1563,896,1437,1496,844,-42.67,-8.06,-4.29,-46
118436,-2.25,7.75,1446,726,1443,1494,1262,-49.79,-0.21,3.32,-12.72
118436,-2.25,7.75,1449,1159,1638,1306,592,-20.01,13.04,-9.87,-59.14
118436,-2.25,7.75,1593,1214,1093,1327,886,-23.79,-31.39,-16.7,-44.38
118436,-2.25,7.75,1665,936,1002,1298,1020,-43.78,-39.82,-22.04,-38.74
118436,-2.25,7.75,1628,1014,843,1144,724,-37.71,-48.22,-29.73,-55.53
118436,-2.25,7.75,1497,1677,735,774,1310,12.02,-50.9,-48.3,-12.49
118436,-2.25,7.75,1402,1156,1225,789,386,-17.55,-12.62,-43.72,-72.47
118436,-2.25,7.75,1391,911,1177,1427,451,-34.51,-15.38,2.59,-67.58
118436,-2.25,7.75,1492,1210,882,835,339,-18.9,-40.88,-44.03,-77.28
118436,-2.25,7.75,1431,843,717,942,322,-41.09,-49.9,-34.17,-77.5
118436,-2.25,7.75,1625,1177,1343,1268,915,-27.57,-17.35,-21.97,-43.69
118436,-2.25,7.75,1546,848,745,1503,967,-45.15,-51.81,-2.78,-37.45
118436,-2.25,7.75,1336,961,1019,1786,538,-28.07,-23.73,33.68,-59.73
118436,-2.25,7.75,1117,495,1022,1109,794,-55.68,-8.5,-0.72,-28.92
118436,-2.25,7.75,1315,851,796,1166,967,-35.29,-39.47,-11.33,-26.46
118436,-2.25,7.75,1458,1190,910,1364,433,-18.38,-37.59,-6.45,-70.3
118436,-2.25,7.75,1007,1709,834,1046,815,69.71,-17.18,3.87,-19.07
118436,-2.25,7.75,1596,647,1070,1768,477,-59.46,-32.96,10.78,-70.11
118437,-1.75,7.75,1584,1130,1395,1286,1113,-28.66,-11.93,-18.81,-29.73
118437,-1.75,7.75,1736,976,1593,1492,977,-43.78,-8.24,-14.06,-43.72
118437,-1.75,7.75,1575,803,1591,1331,1415,-49.02,1.02,-15.49,-10.16
118437,-1.75,7.75,1466,1287,1774,1433,655,-12.21,21.01,-2.25,-55.32
118437,-1.75,7.75,1362,1341,1223,1465,1022,-1.54,-10.21,7.56,-24.96
118437,-1.75,7.75,1771,1190,1240,1373,1118,-32.81,-29.98,-22.47,-36.87
118437,-1.75,7.75,1707,1132,1045,1253,799,-33.68,-38.78,-26.6,-53.19
118437,-1.75,7.75,1593,1781,881,803,1304,11.8,-44.7,-49.59,-18.14
118437,-1.75,7.75,1233,1289,1385,848,379,4.54,12.33,-31.22,-69.26
118437,-1.75,7.75,1427,1045,1356,1463,557,-26.77,-4.98,2.52,-60.97
118437,-1.75,7.75,1522,1377,926,995,373,-9.53,-39.16,-34.63,-75.49
118437,-1.75,7.75,1424,1061,814,1018,394,-25.49,-42.84,-28.51,-72.33
118437,-1.75,7.75,1719,1255,1504,1320,1101,-26.99,-12.51,-23.21,-35.95
118437,-1.75,7.75,1536,918,806,1702,1219,-40.23,-47.53,10.81,-20.64
118437,-1.75,7.75,1345,1172,1182,1857,589,-12.86,-12.12,38.07,-56.21
118437,-1.75,7.75,1356,576,1213,1233,959,-57.52,-10.55,-9.07,-29.28
118437,-1.75,7.75,1499,1061,955,1205,1049,-29.22,-36.29,-19.61,-30.02
118437,-1.75,7.75,1585,1280,1046,1444,493,-19.24,-34.01,-8.9,-68.9
118437,-1.75,7.75,1125,1833,985,959,955,62.93,-12.44,-14.76,-15.11
118437,-1.75,7.75,1647,740,1216,1859,518,-55.07,-26.17,12.87,-68.55
118438,-1.25,7.75,1137,587,1027,950,668,-48.37,-9.67,-16.45,-41.25
118438,-1.25,7.75,1178,536,1197,717,541,-54.5,1.61,-39.13,-54.07
118438,-1.25,7.75,1112,538,1012,1018,1031,-51.62,-8.99,-8.45,-7.28
118438,-1.25,7.75,1070,826,1282,839,369,-22.8,19.81,-21.59,-65.51
118438,-1.25,7.75,1215,810,826,972,499,-33.33,-32.02,-20,-58.93
118438,-1.25,7.75,1520,568,670,859,698,-62.63,-55.92,-43.49,-54.08
118438,-1.25,7.75,1556,737,461,692,515,-52.63,-70.37,-55.53,-66.9
118438,-1.25,7.75,1154,1644,448,441,967,42.46,-61.18,-61.79,-16.2
118438,-1.25,7.75,1172,752,942,476,157,-35.84,-19.62,-59.39,-86.6
118438,-1.25,7.75,793,343,835,1216,282,-56.75,5.3,53.34,-64.44
118438,-1.25,7.75,1165,914,529,482,176,-21.55,-54.59,-58.63,-84.89
118438,-1.25,7.75,1002,458,369,744,218,-54.29,-63.17,-25.75,-78.24
118438,-1.25,7.75,1535,699,1216,904,674,-54.46,-20.78,-41.11,-56.09
118438,-1.25,7.75,1311,513,348,1344,677,-60.87,-73.46,2.52,-48.36
118438,-1.25,7.75,975,572,559,1748,307,-41.33,-42.67,79.28,-68.51
118438,-1.25,7.75,809,360,651,634,542,-55.5,-19.53,-21.63,-33
118438,-1.25,7.75,947,531,517,826,598,-43.93,-45.41,-12.78,-36.85
118438,-1.25,7.75,1286,743,589,1138,265,-42.22,-54.2,-11.51,-79.39
118438,-1.25,7.75,897,1494,527,660,521,66.56,-41.25,-26.42,-41.92
118438,-1.25,7.75,1466,446,813,1545,303,-69.58,-44.54,5.39,-79.33
119156,-2.25,7.25,1550,1436,1511,1447,1573,-7.35,-2.52,-6.65,1.48
119156,-2.25,7.25,1523,1159,1588,1617,1350,-23.9,4.27,6.17,-11.36
119156,-2.25,7.25,1510,934,1634,1464,1391,-38.15,8.21,-3.05,-7.88
119156,-2.25,7.25,1707,1430,1639,1348,1127,-16.23,-3.98,-21.03,-33.98
119156,-2.25,7.25,1573,1345,1224,1474,1329,-14.49,-22.19,-6.29,-15.51
119156,-2.25,7.25,1570,1272,1284,1492,995,-18.98,-18.22,-4.97,-36.62
119156,-2.25,7.25,1657,1415,1222,1309,1298,-14.6,-26.25,-21,-21.67
119156,-2.25,7.25,1550,1717,1310,1072,1275,10.77,-15.48,-30.84,-17.74
119156,-2.25,7.25,1591,1299,1473,1011,1318,-18.35,-7.42,-36.46,-17.16
119156,-2.25,7.25,1454,1239,1511,1261,998,-14.79,3.92,-13.27,-31.36
119156,-2.25,7.25,1534,1508,898,1108,1155,-1.69,-41.46,-27.77,-24.71
119156,-2.25,7.25,1603,1541,1264,1308,973,-3.87,-21.15,-18.4,-39.3
119156,-2.25,7.25,1529,1519,1403,1508,1083,-0.65,-8.24,-1.37,-29.17
119156,-2.25,7.25,1507,1371,1385,1456,1394,-9.02,-8.1,-3.38,-7.5
119156,-2.25,7.25,1583,1440,1349,1632,1013,-9.03,-14.78,3.1,-36.01
119156,-2.25,7.25,1537,760,1360,1539,1024,-50.55,-11.52,0.13,-33.38
119156,-2.25,7.25,1525,1493,1237,1497,1153,-2.1,-18.89,-1.84,-24.39
119156,-2.25,7.25,1536,1410,1409,1279,804,-8.2,-8.27,-16.73,-47.66
119156,-2.25,7.25,1496,1627,1409,1476,1133,8.76,-5.82,-1.34,-24.26
119156,-2.25,7.25,1623,759,1256,1665,1060,-53.23,-22.61,2.59,-34.69
119157,-1.75,7.25,1603,1367,1649,1491,1085,-14.72,2.87,-6.99,-32.31
119157,-1.75,7.25,1744,1361,1563,1541,1189,-21.96,-10.38,-11.64,-31.82
119157,-1.75,7.25,1599,1186,1685,1748,1407,-25.83,5.38,9.32,-12.01
119157,-1.75,7.25,1584,1399,1793,1432,845,-11.68,13.19,-9.6,-46.65
119157,-1.75,7.25,1692,1411,1244,1377,1194,-16.61,-26.48,-18.62,-29.43
119157,-1.75,7.25,1709,1278,1300,1452,976,-25.22,-23.93,-15.04,-42.89
119157,-1.75,7.25,1691,1129,1250,1432,904,-33.23,-26.08,-15.32,-46.54
119157,-1.75,7.25,1621,1791,969,849,1301,10.49,-40.22,-47.62,-19.74
119157,-1.75,7.25,1543,1218,1465,977,468,-21.06,-5.06,-36.68,-69.67
119157,-1.75,7.25,1480,960,1383,1365,680,-35.14,-6.55,-7.77,-54.05
119157,-1.75,7.25,1560,1352,1100,997,694,-13.33,-29.49,-36.09,-55.51
119157,-1.75,7.25,1493,1113,945,1353,445,-25.45,-36.7,-9.38,-70.19
119157,-1.75,7.25,1636,1473,1428,1343,957,-9.96,-12.71,-17.91,-41.5
119157,-1.75,7.25,1681,1276,916,1622,1228,-24.09,-45.51,-3.51,-26.95
119157,-1.75,7.25,1420,1185,1199,1747,691,-16.55,-15.56,23.03,-51.34
119157,-1.75,7.25,1258,835,1461,1079,889,-33.62,16.14,-14.23,-29.33
119157,-1.75,7.25,1477,1190,1071,1291,1028,-19.43,-27.49,-12.59,-30.4
119157,-1.75,7.25,1531,1469,1108,1469,482,-4.05,-27.63,-4.05,-68.52
119157,-1.75,7.25,1577,1790,1311,1381,1027,13.51,-16.87,-12.43,-34.88
119157,-1.75,7.25,1627,937,1314,1766,598,-42.41,-19.24,8.54,-63.25
119158,-1.25,7.25,1447,984,1261,1273,831,-32,-12.85,-12.02,-42.57
119158,-1.25,7.25,1491,856,1399,1080,915,-42.59,-6.17,-27.57,-38.63
119158,-1.25,7.25,1469,789,1341,1640,1228,-46.29,-8.71,11.64,-16.41
119158,-1.25,7.25,1410,1087,1606,1251,524,-22.91,13.9,-11.28,-62.84
119158,-1.25,7.25,1582,1126,999,1151,822,-28.82,-36.85,-27.24,-48.04
119158,-1.25,7.25,1609,929,1038,1198,763,-42.26,-35.49,-25.54,-52.58
119158,-1.25,7.25,1638,910,822,1154,722,-44.44,-49.82,-29.55,-55.92
119158,-1.25,7.25,1469,1749,650,619,1158,19.06,-55.75,-57.86,-21.17
119158,-1.25,7.25,1358,890,1216,701,273,-34.46,-10.46,-48.38,-79.9
119158,-1.25,7.25,1293,444,1101,1281,451,-65.66,-14.85,-0.93,-65.12
119158,-1.25,7.25,1342,1115,868,687,454,-16.92,-35.32,-48.81,-66.17
119158,-1.25,7.25,1292,729,658,1079,310,-43.58,-49.07,-16.49,-76.01
119158,-1.25,7.25,1585,1149,1219,1147,714,-27.51,-23.09,-27.63,-54.95
119158,-1.25,7.25,1547,927,590,1521,933,-40.08,-61.86,-1.68,-39.69
119158,-1.25,7.25,1262,868,905,1708,434,-31.22,-28.29,35.34,-65.61
119158,-1.25,7.25,1128,533,1098,741,658,-52.75,-2.66,-34.31,-41.67
119158,-1.25,7.25,1198,830,778,1090,761,-30.72,-35.06,-9.02,-36.48
119158,-1.25,7.25,1428,1165,810,1253,361,-18.42,-43.28,-12.25,-74.72
119158,-1.25,7.25,1319,1677,988,1118,708,27.14,-25.09,-15.24,-46.32
119158,-1.25,7.25,1554,693,1031,1665,439,-55.41,-33.66,7.14,-71.75
119159,-0.75,7.25,1154,712,1173,1120,635,-38.3,1.65,-2.95,-44.97
119159,-0.75,7.25,1230,678,1334,839,735,-44.88,8.46,-31.79,-40.24
119159,-0.75,7.25,1215,738,1240,1523,1075,-39.26,2.06,25.35,-11.52
119159,-0.75,7.25,1094,991,1403,908,377,-9.41,28.24,-17,-65.54
119159,-0.75,7.25,1623,927,894,989,661,-42.88,-44.92,-39.06,-59.27
119159,-0.75,7.25,1428,874,725,848,579,-38.8,-49.23,-40.62,-59.45
119159,-0.75,7.25,1547,837,673,953,623,-45.9,-56.5,-38.4,-59.73
119159,-0.75,7.25,1250,1687,512,507,1041,34.96,-59.04,-59.44,-16.72
119159,-0.75,7.25,1253,702,1067,556,250,-43.97,-14.84,-55.63,-80.05
119159,-0.75,7.25,970,342,948,1149,304,-64.74,-2.27,18.45,-68.66
119159,-0.75,7.25,1206,1028,709,506,335,-14.76,-41.21,-58.04,-72.22
119159,-0.75,7.25,1047,631,475,914,237,-39.73,-54.63,-12.7,-77.36
119159,-0.75,7.25,1412,1054,1115,1019,522,-25.35,-21.03,-27.83,-63.03
119159,-0.75,7.25,1438,668,448,1289,718,-53.55,-68.85,-10.36,-50.07
119159,-0.75,7.25,1115,765,777,1663,302,-31.39,-30.31,49.15,-72.91
119159,-0.75,7.25,931,428,894,521,445,-54.03,-3.97,-44.04,-52.2
119159,-0.75,7.25,943,778,688,914,637,-17.5,-27.04,-3.08,-32.45
119159,-0.75,7.25,1372,1008,693,1053,293,-26.53,-49.49,-23.25,-78.64
119159,-0.75,7.25,1091,1629,753,864,554,49.31,-30.98,-20.81,-49.22
119159,-0.75,7.25,1487,541,873,1424,364,-63.62,-41.29,-4.24,-75.52
119160,-0.25,7.25,1043,732,1161,1187,730,-29.82,11.31,13.81,-30.01
119160,-0.25,7.25,1255,812,1329,779,829,-35.3,5.9,-37.93,-33.94
119160,-0.25,7.25,1171,622,1197,1593,1080,-46.88,2.22,36.04,-7.77
119160,-0.25,7.25,1027,1101,1454,777,321,7.21,41.58,-24.34,-68.74
119160,-0.25,7.25,1618,1060,940,962,631,-34.49,-41.9,-40.54,-61
119160,-0.25,7.25,1466,1086,1044,812,628,-25.92,-28.79,-44.61,-57.16
119160,-0.25,7.25,1618,952,688,1044,629,-41.16,-57.48,-35.48,-61.12
119160,-0.25,7.25,1403,1775,577,562,1042,26.51,-58.87,-59.94,-25.73
119160,-0.25,7.25,1428,808,1176,595,297,-43.42,-17.65,-58.33,-79.2
119160,-0.25,7.25,834,282,953,1140,281,-66.19,14.27,36.69,-66.31
119160,-0.25,7.25,1225,1180,878,550,430,-3.67,-28.33,-55.1,-64.9
119160,-0.25,7.25,1090,590,534,970,255,-45.87,-51.01,-11.01,-76.61
119160,-0.25,7.25,1464,1302,1224,1128,563,-11.07,-16.39,-22.95,-61.54
119160,-0.25,7.25,1454,901,394,1271,674,-38.03,-72.9,-12.59,-53.65
119160,-0.25,7.25,1283,739,942,1702,269,-42.4,-26.58,32.66,-79.03
119160,-0.25,7.25,1001,459,849,491,457,-54.15,-15.18,-50.95,-54.35
119160,-0.25,7.25,1023,637,701,986,614,-37.73,-31.48,-3.62,-39.98
119160,-0.25,7.25,1380,809,719,1091,311,-41.38,-47.9,-20.94,-77.46
119160,-0.25,7.25,1033,1741,873,881,540,68.54,-15.49,-14.71,-47.73
119160,-0.25,7.25,1479,593,1022,1319,387,-59.91,-30.9,-10.82,-73.83
119877,-1.75,6.75,1524,1585,1603,1411,1556,4,5.18,-7.41,2.1
119877,-1.75,6.75,1544,1298,1577,1562,1397,-15.93,2.14,1.17,-9.52
119877,-1.75,6.75,1481,1042,1636,1455,1413,-29.64,10.47,-1.76,-4.59
119877,-1.75,6.75,1710,1552,1626,1447,1157,-9.24,-4.91,-15.38,-32.34
119877,-1.75,6.75,1549,1416,1379,1503,1352,-8.59,-10.97,-2.97,-12.72
119877,-1.75,6.75,1571,1302,1341,1466,1041,-17.12,-14.64,-6.68,-33.74
119877,-1.75,6.75,1550,1511,1381,1322,1316,-2.52,-10.9,-14.71,-15.1
119877,-1.75,6.75,1511,1680,1380,1043,1226,11.18,-8.67,-30.97,-18.86
119877,-1.75,6.75,1594,1285,1516,1015,1321,-19.39,-4.89,-36.32,-17.13
119877,-1.75,6.75,1441,1261,1528,1238,1078,-12.49,6.04,-14.09,-25.19
119877,-1.75,6.75,1530,1491,1146,1036,1247,-2.55,-25.1,-32.29,-18.5
119877,-1.75,6.75,1564,1621,1359,1294,978,3.64,-13.11,-17.26,-37.47
119877,-1.75,6.75,1533,1551,1451,1528,981,1.17,-5.35,-0.33,-36.01
119877,-1.75,6.75,1425,1427,1430,1453,1349,0.14,0.35,1.96,-5.33
119877,-1.75,6.75,1521,1404,1444,1625,1014,-7.69,-5.06,6.84,-33.33
119877,-1.75,6.75,1456,856,1563,1448,1025,-41.21,7.35,-0.55,-29.6
119877,-1.75,6.75,1490,1564,1486,1480,1094,4.97,-0.27,-0.67,-26.58
119877,-1.75,6.75,1508,1479,1535,1270,823,-1.92,1.79,-15.78,-45.42
119877,-1.75,6.75,1479,1617,1485,1516,1168,9.33,0.41,2.5,-21.03
119877,-1.75,6.75,1580,893,1324,1630,1082,-43.48,-16.2,3.16,-31.52
119878,-1.25,6.75,1532,1669,1606,1423,1573,8.94,4.83,-7.11,2.68
119878,-1.25,6.75,1580,1345,1581,1584,1444,-14.87,0.06,0.25,-8.61
119878,-1.25,6.75,1548,1156,1645,1452,1450,-25.32,6.27,-6.2,-6.33
119878,-1.25,6.75,1696,1567,1654,1581,1189,-7.61,-2.48,-6.78,-29.89
119878,-1.25,6.75,1551,1475,1448,1512,1363,-4.9,-6.64,-2.51,-12.12
119878,-1.25,6.75,1569,1414,1412,1502,1099,-9.88,-10.01,-4.27,-29.96
119878,-1.25,6.75,1594,1626,1464,1344,1392,2.01,-8.16,-15.68,-12.67
119878,-1.25,6.75,1551,1653,1446,1102,1271,6.58,-6.77,-28.95,-18.05
119878,-1.25,6.75,1591,1332,1545,1111,1402,-16.28,-2.89,-30.17,-11.88
119878,-1.25,6.75,1483,1283,1540,1290,1287,-13.49,3.84,-13.01,-13.22
119878,-1.25,6.75,1554,1542,1270,1148,1445,-0.77,-18.28,-26.13,-7.01
119878,-1.25,6.75,1613,1650,1420,1312,1106,2.29,-11.97,-18.66,-31.43
119878,-1.25,6.75,1547,1557,1522,1538,1050,0.65,-1.62,-0.58,-32.13
119878,-1.25,6.75,1482,1477,1494,1474,1406,-0.34,0.81,-0.54,-5.13
119878,-1.25,6.75,1545,1434,1525,1626,1083,-7.18,-1.29,5.24,-29.9
119878,-1.25,6.75,1466,906,1606,1518,1174,-38.2,9.55,3.55,-19.92
119878,-1.25,6.75,1554,1583,1520,1510,1245,1.87,-2.19,-2.83,-19.88
119878,-1.25,6.75,1543,1533,1570,1326,973,-0.65,1.75,-14.06,-36.94
119878,-1.25,6.75,1541,1656,1538,1539,1241,7.46,-0.19,-0.13,-19.47
119878,-1.25,6.75,1623,1033,1462,1622,1175,-36.35,-9.92,-0.06,-27.6
119879,-0.75,6.75,1457,1571,1599,1469,1542,7.82,9.75,0.82,5.83
119879,-0.75,6.75,1594,1254,1631,1593,1421,-21.33,2.32,-0.06,-10.85
119879,-0.75,6.75,1440,860,1693,1448,1465,-40.28,17.57,0.56,1.74
119879,-0.75,6.75,1689,1548,1712,1528,1130,-8.35,1.36,-9.53,-33.1
119879,-0.75,6.75,1533,1429,1426,1476,1298,-6.78,-6.98,-3.72,-15.33
119879,-0.75,6.75,1576,1459,1384,1503,1025,-7.42,-12.18,-4.63,-34.96
119879,-0.75,6.75,1632,1615,1436,1329,1385,-1.04,-12.01,-18.57,-15.13
119879,-0.75,6.75,1529,1690,1467,969,1185,10.53,-4.05,-36.63,-22.5
119879,-0.75,6.75,1618,1257,1572,1054,1352,-22.31,-2.84,-34.86,-16.44
119879,-0.75,6.75,1455,1282,1562,1302,1170,-11.89,7.35,-10.52,-19.59
119879,-0.75,6.75,1525,1548,1205,1055,1375,1.51,-20.98,-30.82,-9.84
119879,-0.75,6.75,1586,1510,1414,1245,991,-4.79,-10.84,-21.5,-37.52
119879,-0.75,6.75,1543,1570,1563,1581,967,1.75,1.3,2.46,-37.33
119879,-0.75,6.75,1515,1422,1511,1445,1329,-6.14,-0.26,-4.62,-12.28
119879,-0.75,6.75,1555,1431,1571,1640,951,-7.97,1.03,5.47,-38.84
119879,-0.75,6.75,1486,858,1616,1499,1045,-42.26,8.75,0.87,-29.68
119879,-0.75,6.75,1548,1616,1446,1538,1223,4.39,-6.59,-0.65,-20.99
119879,-0.75,6.75,1563,1464,1603,1306,901,-6.33,2.56,-16.44,-42.35
119879,-0.75,6.75,1550,1698,1511,1517,1114,9.55,-2.52,-2.13,-28.13
119879,-0.75,6.75,1644,1026,1386,1643,1105,-37.59,-15.69,-0.06,-32.79
119880,-0.25,6.75,1585,1633,1711,1563,1615,3.03,7.95,-1.39,1.89
119880,-0.25,6.75,1703,1398,1742,1650,1525,-17.91,2.29,-3.11,-10.45
119880,-0.25,6.75,1604,879,1830,1498,1597,-45.2,14.09,-6.61,-0.44
119880,-0.25,6.75,1800,1692,1849,1726,1052,-6,2.72,-4.11,-41.56
119880,-0.25,6.75,1685,1589,1566,1553,1284,-5.7,-7.06,-7.83,-23.8
119880,-0.25,6.75,1686,1591,1563,1636,955,-5.63,-7.3,-2.97,-43.36
119880,-0.25,6.75,1763,1767,1569,1405,1473,0.23,-11,-20.31,-16.45
119880,-0.25,6.75,1647,1781,1574,1099,1204,8.14,-4.43,-33.27,-26.9
119880,-0.25,6.75,1725,1427,1708,1086,1409,-17.28,-0.99,-37.04,-18.32
119880,-0.25,6.75,1532,1331,1679,1468,1168,-13.12,9.6,-4.18,-23.76
119880,-0.25,6.75,1633,1682,1320,1221,1352,3,-19.17,-25.23,-17.21
119880,-0.25,6.75,1663,1471,1539,1357,918,-11.55,-7.46,-18.4,-44.8
119880,-0.25,6.75,1655,1691,1709,1676,910,2.18,3.26,1.27,-45.02
119880,-0.25,6.75,1643,1337,1562,1533,1301,-18.62,-4.93,-6.7,-20.82
119880,-0.25,6.75,1640,1502,1717,1772,875,-8.41,4.7,8.05,-46.65
119880,-0.25,6.75,1579,778,1676,1633,991,-50.73,6.14,3.42,-37.24
119880,-0.25,6.75,1671,1686,1540,1625,1346,0.9,-7.84,-2.75,-19.45
119880,-0.25,6.75,1624,1595,1713,1452,855,-1.79,5.48,-10.59,-47.35
119880,-0.25,6.75,1673,1847,1685,1529,1054,10.4,0.72,-8.61,-37
119880,-0.25,6.75,1811,917,1587,1742,1142,-49.36,-12.37,-3.81,-36.94
119881,0.25,6.75,1632,1781,1716,1568,1662,9.13,5.15,-3.92,1.84
119881,0.25,6.75,1689,1659,1742,1725,1612,-1.78,3.14,2.13,-4.56
119881,0.25,6.75,1679,1504,1817,1558,1637,-10.42,8.22,-7.21,-2.5
119881,0.25,6.75,1801,1765,1819,1773,1161,-2,1,-1.55,-35.54
119881,0.25,6.75,1686,1681,1600,1611,1359,-0.3,-5.1,-4.45,-19.4
119881,0.25,6.75,1633,1695,1658,1632,1107,3.8,1.53,-0.06,-32.21
119881,0.25,6.75,1740,1783,1682,1507,1580,2.47,-3.33,-13.39,-9.2
119881,0.25,6.75,1688,1740,1610,1223,1317,3.08,-4.62,-27.55,-21.98
119881,0.25,6.75,1709,1647,1705,1216,1495,-3.63,-0.23,-28.85,-12.52
119881,0.25,6.75,1638,1467,1674,1427,1342,-10.44,2.2,-12.88,-18.07
119881,0.25,6.75,1640,1784,1543,1333,1531,8.78,-5.91,-18.72,-6.65
119881,0.25,6.75,1674,1770,1581,1402,1122,5.73,-5.56,-16.25,-32.97
119881,0.25,6.75,1627,1741,1720,1680,1114,7.01,5.72,3.26,-31.53
119881,0.25,6.75,1679,1689,1563,1558,1418,0.6,-6.91,-7.21,-15.54
119881,0.25,6.75,1633,1607,1738,1779,1040,-1.59,6.43,8.94,-36.31
119881,0.25,6.75,1655,1040,1708,1680,1194,-37.16,3.2,1.51,-27.85
119881,0.25,6.75,1680,1721,1590,1688,1402,2.44,-5.36,0.48,-16.55
119881,0.25,6.75,1608,1789,1730,1416,1008,11.26,7.59,-11.94,-37.31
119881,0.25,6.75,1727,1839,1709,1625,1208,6.49,-1.04,-5.91,-30.05
119881,0.25,6.75,1741,1155,1663,1765,1241,-33.66,-4.48,1.38,-28.72
120599,-0.75,6.25,1532,1679,1514,1444,1551,9.6,-1.17,-5.74,1.24
120599,-0.75,6.25,1472,1316,1515,1508,1449,-10.6,2.92,2.45,-1.56
120599,-0.75,6.25,1408,1044,1549,1409,1424,-25.85,10.01,0.07,1.14
120599,-0.75,6.25,1703,1587,1656,1578,1146,-6.81,-2.76,-7.34,-32.71
120599,-0.75,6.25,1490,1469,1418,1481,1356,-1.41,-4.83,-0.6,-8.99
120599,-0.75,6.25,1524,1514,1436,1446,1068,-0.66,-5.77,-5.12,-29.92
120599,-0.75,6.25,1614,1624,1423,1409,1399,0.62,-11.83,-12.7,-13.32
120599,-0.75,6.25,1504,1567,1410,1073,1236,4.19,-6.25,-28.66,-17.82
120599,-0.75,6.25,1537,1262,1457,1135,1433,-17.89,-5.2,-26.15,-6.77
120599,-0.75,6.25,1496,1317,1485,1215,1264,-11.97,-0.74,-18.78,-15.51
120599,-0.75,6.25,1500,1545,1265,1061,1485,3,-15.67,-29.27,-1
120599,-0.75,6.25,1468,1491,1420,1297,1053,1.57,-3.27,-11.65,-28.27
120599,-0.75,6.25,1466,1528,1500,1536,989,4.23,2.32,4.77,-32.54
120599,-0.75,6.25,1493,1428,1443,1428,1426,-4.35,-3.35,-4.35,-4.49
120599,-0.75,6.25,1487,1340,1553,1579,985,-9.89,4.44,6.19,-33.76
120599,-0.75,6.25,1466,932,1561,1452,1284,-36.43,6.48,-0.95,-12.41
120599,-0.75,6.25,1478,1557,1475,1479,1259,5.35,-0.2,0.07,-14.82
120599,-0.75,6.25,1437,1490,1537,1284,1156,3.69,6.96,-10.65,-19.55
120599,-0.75,6.25,1501,1608,1426,1491,1255,7.13,-5,-0.67,-16.39
120599,-0.75,6.25,1558,1156,1472,1579,1234,-25.8,-5.52,1.35,-20.8
120600,-0.25,6.25,1601,1906,1641,1591,1748,19.05,2.5,-0.62,9.18
120600,-0.25,6.25,1603,1599,1643,1654,1622,-0.25,2.5,3.18,1.19
120600,-0.25,6.25,1599,1525,1706,1534,1581,-4.63,6.69,-4.07,-1.13
120600,-0.25,6.25,1858,1755,1818,1779,1352,-5.54,-2.15,-4.25,-27.23
120600,-0.25,6.25,1654,1609,1580,1625,1534,-2.72,-4.47,-1.75,-7.26
120600,-0.25,6.25,1654,1694,1629,1659,1252,2.42,-1.51,0.3,-24.3
120600,-0.25,6.25,1700,1789,1630,1590,1541,5.24,-4.12,-6.47,-9.35
120600,-0.25,6.25,1666,1665,1578,1415,1473,-0.06,-5.28,-15.07,-11.58
120600,-0.25,6.25,1663,1612,1603,1433,1664,-3.07,-3.61,-13.83,0.06
120600,-0.25,6.25,1674,1570,1611,1384,1541,-6.21,-3.76,-17.32,-7.95
120600,-0.25,6.25,1673,1720,1581,1358,1713,2.81,-5.5,-18.83,2.39
120600,-0.25,6.25,1633,1717,1603,1472,1347,5.14,-1.84,-9.86,-17.51
120600,-0.25,6.25,1622,1660,1666,1645,1249,2.34,2.71,1.42,-23
120600,-0.25,6.25,1643,1681,1598,1584,1625,2.31,-2.74,-3.59,-1.1
120600,-0.25,6.25,1629,1582,1707,1733,1219,-2.89,4.79,6.38,-25.17
120600,-0.25,6.25,1621,1253,1707,1658,1597,-22.7,5.31,2.28,-1.48
120600,-0.25,6.25,1641,1700,1624,1666,1506,3.6,-1.04,1.52,-8.23
120600,-0.25,6.25,1569,1694,1705,1557,1500,7.97,8.67,-0.76,-4.4
120600,-0.25,6.25,1656,1768,1593,1650,1540,6.76,-3.8,-0.36,-7
120600,-0.25,6.25,1770,1465,1694,1710,1469,-17.23,-4.29,-3.39,-17.01
120601,0.25,6.25,1689,1640,1607,1535,1551,-2.9,-4.85,-9.12,-8.17
120601,0.25,6.25,1588,1505,1648,1629,1569,-5.23,3.78,2.58,-1.2
120601,0.25,6.25,1684,1357,1692,1558,1582,-19.42,0.48,-7.48,-6.06
120601,0.25,6.25,1774,1736,1810,1717,1080,-2.14,2.03,-3.21,-39.12
120601,0.25,6.25,1634,1584,1562,1547,1311,-3.06,-4.41,-5.32,-19.77
120601,0.25,6.25,1585,1658,1622,1520,1041,4.61,2.33,-4.1,-34.32
120601,0.25,6.25,1639,1752,1574,1494,1525,6.89,-3.97,-8.85,-6.96
120601,0.25,6.25,1619,1645,1482,982,1219,1.61,-8.46,-39.35,-24.71
120601,0.25,6.25,1623,1487,1613,1133,1475,-8.38,-0.62,-30.19,-9.12
120601,0.25,6.25,1557,1342,1589,1360,1174,-13.81,2.06,-12.65,-24.6
120601,0.25,6.25,1619,1668,1335,1100,1430,3.03,-17.54,-32.06,-11.67
120601,0.25,6.25,1576,1683,1495,1322,962,6.79,-5.14,-16.12,-38.96
120601,0.25,6.25,1588,1635,1643,1634,972,2.96,3.46,2.9,-38.79
120601,0.25,6.25,1628,1487,1393,1433,1394,-8.66,-14.43,-11.98,-14.37
120601,0.25,6.25,1604,1465,1666,1706,858,-8.67,3.87,6.36,-46.51
120601,0.25,6.25,1557,745,1626,1580,1141,-52.15,4.43,1.48,-26.72
120601,0.25,6.25,1625,1690,1542,1618,1341,4,-5.11,-0.43,-17.48
120601,0.25,6.25,1486,1668,1641,1307,1032,12.25,10.43,-12.05,-30.55
120601,0.25,6.25,1621,1760,1567,1513,1150,8.57,-3.33,-6.66,-29.06
120601,0.25,6.25,1728,818,1529,1694,1205,-52.66,-11.52,-1.97,-30.27